,topiccomment_list,Details_list
0,,item4
1,"4.0 93 ‡πÄ‡∏£‡∏ï‡∏ï‡∏¥‡πâ‡∏á (75 ‡∏£‡∏µ‡∏ß‡∏¥‡∏ß)‡πÑ‡∏£‡πà/‡∏ü‡∏≤‡∏£‡πå‡∏°/‡∏™‡∏ß‡∏ô‡πÄ‡∏Å‡∏©‡∏ï‡∏£, ‡∏®‡∏π‡∏ô‡∏¢‡πå‡∏Å‡∏≤‡∏£‡πÄ‡∏£‡∏µ‡∏¢‡∏ô‡∏£‡∏π‡πâ‚Ä¢‡πÑ‡∏°‡πà‡∏°‡∏µ‡∏Ñ‡πà‡∏≤‡πÄ‡∏Ç‡πâ‡∏≤‡∏ä‡∏°‡∏õ‡∏¥‡∏î‡∏≠‡∏¢‡∏π‡πà‡∏à‡∏∞‡πÄ‡∏õ‡∏¥‡∏î‡πÉ‡∏ô‡πÄ‡∏ß‡∏•‡∏≤ 08:00",item2
2,"‡∏Å‡∏¥‡∏à‡∏Å‡∏£‡∏£‡∏°‡πÅ‡∏ô‡∏∞‡∏ô‡∏≥: ‡∏õ‡∏±‡πà‡∏ô‡∏à‡∏±‡∏Å‡∏£‡∏¢‡∏≤‡∏ô, ‡∏û‡∏±‡∏Å‡∏ú‡πà‡∏≠‡∏ô, ‡∏ä‡∏°‡∏ö‡∏£‡∏£‡∏¢‡∏≤‡∏Å‡∏≤‡∏®, ‡∏ñ‡πà‡∏≤‡∏¢‡∏£‡∏π‡∏õ, ‡∏®‡∏∂‡∏Å‡∏©‡∏≤‡∏ò‡∏£‡∏£‡∏°‡∏ä‡∏≤‡∏ï‡∏¥‡∏£‡∏∞‡∏¢‡∏∞‡πÄ‡∏ß‡∏•‡∏≤‡∏ó‡∏µ‡πà‡πÉ‡∏ä‡πâ‡∏Å‡∏±‡∏ö‡∏™‡∏ñ‡∏≤‡∏ô‡∏ó‡∏µ‡πà‡∏ô‡∏µ‡πâ: 1 - 2 ‡∏ä‡∏±‡πà‡∏ß‡πÇ‡∏°‡∏á",item3
3,"‡∏Å‡∏¥‡∏à‡∏Å‡∏£‡∏£‡∏°‡πÅ‡∏ô‡∏∞‡∏ô‡∏≥: ‡∏ñ‡πà‡∏≤‡∏¢‡∏£‡∏π‡∏õ, ‡∏ä‡∏¥‡∏°‡∏ä‡∏≤, ‡∏ó‡∏≤‡∏ô‡∏≠‡∏≤‡∏´‡∏≤‡∏£‡∏£‡∏∞‡∏¢‡∏∞‡πÄ‡∏ß‡∏•‡∏≤‡∏ó‡∏µ‡πà‡πÉ‡∏ä‡πâ‡∏Å‡∏±‡∏ö‡∏™‡∏ñ‡∏≤‡∏ô‡∏ó‡∏µ‡πà‡∏ô‡∏µ‡πâ: ‡∏Ñ‡∏£‡∏∂‡πà‡∏á‡∏ß‡∏±‡∏ô",item1
4,"‡∏Å‡∏¥‡∏à‡∏Å‡∏£‡∏£‡∏°‡πÅ‡∏ô‡∏∞‡∏ô‡∏≥: ‡πÄ‡∏î‡∏¥‡∏ô‡πÄ‡∏•‡πà‡∏ô‡∏ä‡∏°‡∏ß‡∏¥‡∏ß, ‡∏ä‡∏°‡∏õ‡∏£‡∏∞‡∏ß‡∏±‡∏ï‡∏¥‡∏®‡∏≤‡∏™‡∏ï‡∏£‡πå‡∏ó‡∏≤‡∏á‡πÇ‡∏ö‡∏£‡∏≤‡∏ì‡∏Ñ‡∏î‡∏µ, ‡∏ñ‡πà‡∏≤‡∏¢‡∏£‡∏π‡∏õ‡∏£‡∏∞‡∏¢‡∏∞‡πÄ‡∏ß‡∏•‡∏≤‡∏ó‡∏µ‡πà‡πÉ‡∏ä‡πâ‡∏Å‡∏±‡∏ö‡∏™‡∏ñ‡∏≤‡∏ô‡∏ó‡∏µ‡πà‡∏ô‡∏µ‡πâ: 1 - 2 ‡∏ä‡∏±‡πà‡∏ß‡πÇ‡∏°‡∏á","‡∏ß‡∏±‡∏ô‡∏ô‡∏µ‡πâ‡∏à‡∏∞‡∏°‡∏≤‡πÅ‡∏ô‡∏∞‡∏ô‡∏≥‡∏à‡∏∏‡∏î‡πÅ‡∏ß‡∏∞‡∏û‡∏±‡∏Å ‡∏£‡∏¥‡∏°‡∏ñ‡∏ô‡∏ô‡∏™‡∏∏‡∏Ç‡∏∏‡∏°‡∏ß‡∏¥‡∏ó ‡∏ó‡∏≤‡∏á‡πÑ‡∏õ‡∏™‡∏±‡∏ï‡∏´‡∏µ‡∏ö 

‡πÄ‡∏õ‡πá‡∏ô‡∏à‡∏∏‡∏î‡∏ó‡∏µ‡πà‡∏°‡∏µ‡∏°‡∏∏‡∏°‡∏ñ‡πà‡∏≤‡∏¢‡∏£‡∏π‡∏õ‡∏™‡∏ß‡∏¢‡πÜ ‡∏´‡∏•‡∏≤‡∏¢‡∏à‡∏∏‡∏î ‡πÄ‡∏õ‡πá‡∏ô‡∏™‡πÑ‡∏ï‡∏•‡πå‡∏¢‡∏∏‡πÇ‡∏£‡∏õ ‡πÅ‡∏•‡∏∞‡∏¢‡∏±‡∏á‡∏°‡∏µ‡∏£‡πâ‡∏≤‡∏ô‡∏≠‡∏≤‡∏´‡∏≤‡∏£‡πÅ‡∏•‡∏∞‡∏Ñ‡∏≤‡πÄ‡∏ü‡πà ‡πÉ‡∏´‡πâ‡πÑ‡∏î‡πâ‡∏ô‡∏±‡πà‡∏á‡∏û‡∏±‡∏Å‡∏ä‡∏¥‡∏•‡πÜ ‡∏¢‡∏¥‡πà‡∏á‡∏°‡∏≤‡∏ä‡πà‡∏ß‡∏á‡∏ö‡πà‡∏≤‡∏¢‡πÜ ‡∏à‡∏∞‡∏ñ‡πà‡∏≤‡∏¢‡∏£‡∏π‡∏õ‡πÑ‡∏î‡πâ‡∏™‡∏ß‡∏¢‡∏á‡∏≤‡∏°‡∏Ñ‡∏£‡∏±‡∏ö ‡∏´‡∏≤‡∏Å‡∏°‡∏µ‡πÇ‡∏≠‡∏Å‡∏≤‡∏™‡∏•‡∏≠‡∏á‡πÅ‡∏ß‡∏∞‡∏°‡∏≤‡∏Ñ‡∏£‡∏±‡∏ö"
5,4.4 83 ‡πÄ‡∏£‡∏ï‡∏ï‡∏¥‡πâ‡∏á (62 ‡∏£‡∏µ‡∏ß‡∏¥‡∏ß)‡πÑ‡∏£‡πà/‡∏ü‡∏≤‡∏£‡πå‡∏°/‡∏™‡∏ß‡∏ô‡πÄ‡∏Å‡∏©‡∏ï‡∏£‚Ä¢‡πÑ‡∏°‡πà‡∏°‡∏µ‡∏Ñ‡πà‡∏≤‡πÄ‡∏Ç‡πâ‡∏≤‡∏ä‡∏°,"‡∏õ‡∏£‡∏≤‡∏™‡∏≤‡∏ó‡∏´‡∏¥‡∏ô‡∏û‡∏ô‡∏°‡∏£‡∏∏‡πâ‡∏á ‡∏ï‡∏±‡πâ‡∏á‡∏≠‡∏¢‡∏π‡πà‡πÉ‡∏ô‡∏à‡∏±‡∏á‡∏´‡∏ß‡∏±‡∏î‡∏ö‡∏∏‡∏£‡∏µ‡∏£‡∏±‡∏°‡∏¢‡πå ‡πÄ‡∏õ‡πá‡∏ô‡∏õ‡∏£‡∏≤‡∏™‡∏≤‡∏ó‡∏´‡∏¥‡∏ô‡∏ó‡∏µ‡πà‡∏™‡∏ß‡∏¢‡∏á‡∏≤‡∏°‡∏ó‡∏µ‡πà‡∏°‡∏µ‡∏≠‡∏≤‡∏¢‡∏∏‡∏°‡∏≤‡∏Å‡∏Å‡∏ß‡πà‡∏≤ 100 ‡∏õ‡∏µ ‡∏Ç‡∏±‡∏ö‡∏£‡∏ñ‡∏ß‡∏ô‡∏Ç‡∏∂‡πâ‡∏ô‡πÄ‡∏Ç‡∏≤‡πÑ‡∏õ‡∏ï‡∏≤‡∏°‡∏ó‡∏≤‡∏á ‡∏°‡∏µ‡∏õ‡πâ‡∏≤‡∏¢‡∏ö‡∏≠‡∏Å‡∏ó‡∏≤‡∏á ‡∏û‡∏≠‡πÑ‡∏î‡πâ‡∏ó‡∏µ‡πà‡∏à‡∏≠‡πÄ‡∏£‡∏ñ‡πÅ‡∏•‡πâ‡∏ß ‡πÄ‡∏î‡∏¥‡∏ô‡πÄ‡∏ó‡πâ‡∏≤‡πÄ‡∏Ç‡πâ‡∏≤‡πÑ‡∏õ‡∏ã‡∏∑‡πâ‡∏≠‡∏ö‡∏±‡∏ï‡∏£‡πÄ‡∏Ç‡πâ‡∏≤‡∏≠‡∏∏‡∏ó‡∏¢‡∏≤‡∏ô ‡πÄ‡∏î‡∏¥‡∏ô‡πÑ‡∏õ‡πÑ‡∏°‡πà‡∏Å‡∏µ‡πà‡∏£‡πâ‡∏≠‡∏¢‡πÄ‡∏°‡∏ï‡∏£ ‡∏Å‡πá‡∏à‡∏∞‡πÄ‡∏à‡∏≠‡∏õ‡∏£‡∏≤‡∏™‡∏≤‡∏ó‡∏´‡∏¥‡∏ô‡∏ó‡∏µ‡πà‡∏™‡∏ß‡∏¢‡∏á‡∏≤‡∏° ‡∏î‡∏π‡πÅ‡∏•‡πâ‡∏ß‡∏°‡∏µ‡∏°‡∏ô‡∏ï‡πå‡∏Ç‡∏•‡∏±‡∏á ‡∏õ‡∏Å‡∏ï‡∏¥‡πÅ‡∏•‡πâ‡∏ß‡∏†‡∏≤‡∏¢‡πÉ‡∏ô 1 ‡∏õ‡∏µ ‡∏à‡∏∞‡∏°‡∏µ‡∏õ‡∏£‡∏≤‡∏Å‡∏é‡∏Å‡∏≤‡∏£‡∏ì‡πå‡∏û‡∏£‡∏∞‡∏≠‡∏≤‡∏ó‡∏¥‡∏ï‡∏¢‡πå‡∏•‡∏≠‡∏î‡∏ä‡πà‡∏≠‡∏á‡∏õ‡∏£‡∏∞‡∏ï‡∏π 15 ‡∏ä‡πà‡∏≠‡∏á ‡πÑ‡∏°‡πà‡∏°‡∏±‡πà‡∏ô‡πÉ‡∏à‡∏ß‡πà‡∏≤ 1 ‡∏õ‡∏µ‡∏°‡∏µ 4 ‡∏Ñ‡∏£‡∏±‡πâ‡∏á‡∏´‡∏£‡∏∑‡∏≠‡πÄ‡∏õ‡∏•‡πà‡∏≤ ‡∏ã‡∏∂‡πà‡∏á‡πÄ‡∏õ‡πá‡∏ô‡∏õ‡∏£‡∏≤‡∏Å‡∏é‡∏Å‡∏≤‡∏£‡∏ì‡πå‡∏ò‡∏£‡∏£‡∏°‡∏ä‡∏≤‡∏ï‡∏¥‡∏ó‡∏µ‡πà‡∏™‡∏ß‡∏¢‡∏á‡∏≤‡∏°‡∏°‡∏≤‡∏Å ‡πÅ‡∏ô‡∏∞‡∏ô‡∏≥‡∏ß‡πà‡∏≤‡∏™‡∏±‡∏Å‡∏Ñ‡∏£‡∏±‡πâ‡∏á‡∏Ñ‡∏ß‡∏£‡πÑ‡∏õ‡∏î‡∏π‡∏õ‡∏£‡∏≤‡∏Å‡∏é‡∏Å‡∏≤‡∏£‡∏ì‡πå‡∏ô‡∏µ‡πâ‡πÉ‡∏´‡πâ‡πÑ‡∏î‡πâ ‡πÅ‡∏ô‡∏∞‡∏ô‡∏≥‡πÄ‡∏•‡∏¢‡∏Ñ‡πà‡∏∞
#Wongnaisongkran2023"
6,"‡∏Å‡∏¥‡∏à‡∏Å‡∏£‡∏£‡∏°‡πÅ‡∏ô‡∏∞‡∏ô‡∏≥: ‡∏ñ‡πà‡∏≤‡∏¢‡∏£‡∏π‡∏õ, ‡∏ó‡∏≤‡∏ô‡∏≠‡∏≤‡∏´‡∏≤‡∏£, ‡πÉ‡∏´‡πâ‡∏≠‡∏≤‡∏´‡∏≤‡∏£‡∏°‡πâ‡∏≤‡∏£‡∏∞‡∏¢‡∏∞‡πÄ‡∏ß‡∏•‡∏≤‡∏ó‡∏µ‡πà‡πÉ‡∏ä‡πâ‡∏Å‡∏±‡∏ö‡∏™‡∏ñ‡∏≤‡∏ô‡∏ó‡∏µ‡πà‡∏ô‡∏µ‡πâ: 1 - 2 ‡∏ä‡∏±‡πà‡∏ß‡πÇ‡∏°‡∏á","‡∏™‡∏ß‡∏ô‡∏ô‡∏µ‡πâ‡∏≠‡∏¢‡∏π‡πà‡∏ï‡∏¥‡∏î‡∏Å‡∏±‡∏ö‡∏û‡∏£‡∏∞‡∏ï‡∏≥‡∏´‡∏ô‡∏±‡∏Å‡∏î‡∏≠‡∏¢‡∏ï‡∏∏‡∏á ‡πÄ‡∏™‡∏µ‡∏¢‡∏Ñ‡πà‡∏≤‡πÄ‡∏Ç‡πâ‡∏≤‡∏™‡∏ß‡∏ô 90 ‡∏ö‡∏≤‡∏ó ‡∏≠‡∏¢‡∏π‡πà‡∏ô‡∏≤‡∏ô‡πÄ‡∏ó‡πà‡∏≤‡πÑ‡∏´‡∏£‡πà‡∏Å‡πá‡πÑ‡∏î‡πâ ‡∏Ñ‡∏∏‡∏ì‡∏†‡∏≤‡∏û‡πÄ‡∏ó‡∏µ‡∏¢‡∏ö‡∏Å‡∏±‡∏ö‡∏™‡∏ß‡∏ô‡∏î‡∏µ‡πÜ‡πÉ‡∏ô‡πÄ‡∏°‡∏∑‡∏≠‡∏á‡∏ô‡∏≠‡∏Å‡πÄ‡∏•‡∏¢ ‡πÅ‡∏ï‡πà‡∏Ñ‡πà‡∏≤‡πÄ‡∏Ç‡πâ‡∏≤‡∏¢‡πà‡∏≠‡∏°‡πÄ‡∏¢‡∏≤‡∏ß‡πå‡∏Å‡∏ß‡πà‡∏≤‡∏°‡∏≤‡∏Å

‡πÉ‡∏ô‡∏™‡∏ß‡∏ô‡∏û‡∏∑‡πâ‡∏ô‡∏ó‡∏µ‡πà‡πÉ‡∏´‡∏ç‡πà‡∏û‡∏≠‡∏™‡∏°‡∏Ñ‡∏ß‡∏£ ‡∏°‡∏µ‡∏´‡∏•‡∏≤‡∏¢‡πÇ‡∏ã‡∏ô ‡∏´‡∏•‡∏≤‡∏¢‡∏°‡∏∏‡∏° ‡∏°‡∏µ‡∏à‡∏∏‡∏î‡∏ñ‡πà‡∏≤‡∏¢‡∏£‡∏π‡∏õ‡πÄ‡∏¢‡∏≠‡∏∞ ‡∏°‡∏µ‡∏î‡∏≠‡∏Å‡πÑ‡∏°‡πâ‡πÄ‡∏°‡∏∑‡∏≠‡∏á‡∏´‡∏ô‡∏≤‡∏ß‡πÄ‡∏û‡∏µ‡∏¢‡∏ö ‡∏ñ‡πâ‡∏≤‡∏°‡∏≤‡∏´‡∏ô‡πâ‡∏≤‡∏´‡∏ô‡∏≤‡∏ß‡∏≠‡∏≤‡∏Å‡∏≤‡∏®‡∏î‡∏µ‡∏°‡∏≤‡∏Å ‡πÄ‡∏£‡∏≤‡∏°‡∏≤‡∏û‡∏±‡∏Å‡∏ó‡∏µ‡πà Doitung lodge ‡πÄ‡∏•‡∏¢‡∏°‡∏≤‡πÄ‡∏î‡∏¥‡∏ô‡πÉ‡∏ô‡∏™‡∏ß‡∏ô‡∏ä‡πà‡∏ß‡∏á‡πÄ‡∏ä‡πâ‡∏≤‡πÜ ‡∏≠‡∏≤‡∏Å‡∏≤‡∏®‡∏¢‡∏¥‡πà‡∏á‡∏î‡∏µ‡πÉ‡∏´‡∏ç‡πà ‡πÅ‡∏î‡∏î‡πÑ‡∏°‡πà‡πÅ‡∏£‡∏á ‡∏Ñ‡∏ô‡∏ô‡πâ‡∏≠‡∏¢ ‡πÑ‡∏°‡πà‡πÄ‡∏ö‡∏µ‡∏¢‡∏î‡πÄ‡∏™‡∏µ‡∏¢‡∏î ‡∏ñ‡πà‡∏≤‡∏¢‡∏£‡∏π‡∏õ‡πÑ‡∏°‡πà‡∏ï‡∏¥‡∏î‡∏Ñ‡∏ô

‡πÉ‡∏ô‡∏™‡∏ß‡∏ô‡∏°‡∏µ Doitung cafe ‡∏î‡πâ‡∏ß‡∏¢ ‡∏Å‡∏¥‡∏ô‡πÑ‡∏õ‡∏ä‡∏°‡∏ß‡∏¥‡∏ß ‡∏î‡∏π‡∏î‡∏≠‡∏Å‡πÑ‡∏°‡πâ‡πÑ‡∏õ ‡∏ä‡∏¥‡∏ß‡∏°‡∏≤‡∏Å

#Wongnaisongkran2023"
7,"‡∏Å‡∏¥‡∏à‡∏Å‡∏£‡∏£‡∏°‡πÅ‡∏ô‡∏∞‡∏ô‡∏≥: ‡∏ñ‡πà‡∏≤‡∏¢‡∏£‡∏π‡∏õ, ‡∏ä‡∏¥‡∏°‡∏ä‡∏≤, ‡∏ä‡∏¥‡∏°‡πÉ‡∏ö‡∏ä‡∏≤‡∏ó‡∏≠‡∏î‡∏Å‡∏£‡∏≠‡∏ö, ‡∏ó‡∏≤‡∏ô‡∏≠‡∏≤‡∏´‡∏≤‡∏£‡∏£‡∏∞‡∏¢‡∏∞‡πÄ‡∏ß‡∏•‡∏≤‡∏ó‡∏µ‡πà‡πÉ‡∏ä‡πâ‡∏Å‡∏±‡∏ö‡∏™‡∏ñ‡∏≤‡∏ô‡∏ó‡∏µ‡πà‡∏ô‡∏µ‡πâ: 1 - 2 ‡∏ä‡∏±‡πà‡∏ß‡πÇ‡∏°‡∏á",‡∏Å‡∏¥‡∏ô‡∏°‡∏≤‡∏ô‡∏°‡∏ô‡∏≤‡∏ô‡∏ï‡πâ‡∏≠‡∏á‡∏°‡∏≤‡∏™‡∏±‡∏Å‡∏ó‡∏µ ‡πÅ‡∏Ñ‡πà‡∏≠‡∏¢‡∏≤‡∏Å‡∏°‡∏≤‡∏ñ‡πà‡∏≤‡∏¢‡∏£‡∏π‡∏õ‡∏î‡πâ‡∏≤‡∏ô‡∏´‡∏ô‡πâ‡∏≤‡∏Å‡∏±‡∏ö‡∏™‡∏¥‡∏á‡∏´‡πå‡πÄ‡∏ó‡πà‡∏≤‡∏ô‡∏±‡πâ‡∏ô ‡∏≠‡∏≤‡∏Å‡∏≤‡∏®‡∏õ‡∏•‡∏≠‡∏î‡πÇ‡∏õ‡∏£‡πà‡∏á‡πÇ‡∏•‡πà‡∏á‡∏™‡∏á‡∏≤‡∏¢ ‡πÅ‡∏î‡∏î‡πÅ‡∏à‡πà‡∏°‡πÜ ‡∏£‡∏π‡∏õ‡∏≠‡∏≠‡∏Å‡∏°‡∏≤‡∏™‡∏ß‡∏¢ ‡πÄ‡∏û‡∏£‡∏≤‡∏∞‡πÅ‡∏™‡∏á‡∏à‡∏≤‡∏Å‡∏î‡πâ‡∏≤‡∏ô‡∏ö‡∏ô‡∏™‡πà‡∏≠‡∏á‡∏•‡∏á‡∏°‡∏≤ ‡∏ï‡∏±‡∏ß‡∏™‡∏¥‡∏á‡∏´‡πå‡∏à‡∏∞‡πÄ‡∏Å‡∏¥‡∏î‡πÄ‡∏á‡∏≤‡∏ä‡∏±‡∏î‡πÅ‡∏•‡∏∞‡∏°‡∏µ‡∏°‡∏¥‡∏ï‡∏¥ ‡∏Ç‡πâ‡∏≤‡∏á‡πÉ‡∏ô‡∏ô‡πà‡∏≤‡∏à‡∏∞‡∏°‡∏µ‡∏Å‡∏¥‡∏à‡∏Å‡∏£‡∏£‡∏°‡πÅ‡∏ï‡πà‡πÑ‡∏°‡πà‡πÑ‡∏î‡πâ‡πÄ‡∏Ç‡πâ‡∏≤‡∏î‡πâ‡∏ß‡∏¢ ‡∏ï‡πâ‡∏≠‡∏á‡πÑ‡∏õ‡∏ó‡∏µ‡πà‡∏≠‡∏∑‡πà‡∏ô‡∏ï‡πà‡∏≠
8,"‡∏Å‡∏¥‡∏à‡∏Å‡∏£‡∏£‡∏°‡πÅ‡∏ô‡∏∞‡∏ô‡∏≥: ‡∏ñ‡πà‡∏≤‡∏¢‡∏£‡∏π‡∏õ, ‡∏®‡∏∂‡∏Å‡∏©‡∏≤‡∏ò‡∏£‡∏£‡∏°‡∏ä‡∏≤‡∏ï‡∏¥, ‡∏û‡∏±‡∏Å‡∏ú‡πà‡∏≠‡∏ô, ‡∏ä‡∏°‡∏ö‡∏£‡∏£‡∏¢‡∏≤‡∏Å‡∏≤‡∏®‡∏£‡∏∞‡∏¢‡∏∞‡πÄ‡∏ß‡∏•‡∏≤‡∏ó‡∏µ‡πà‡πÉ‡∏ä‡πâ‡∏Å‡∏±‡∏ö‡∏™‡∏ñ‡∏≤‡∏ô‡∏ó‡∏µ‡πà‡∏ô‡∏µ‡πâ: 1 - 2 ‡∏ä‡∏±‡πà‡∏ß‡πÇ‡∏°‡∏á","‡∏ñ‡πâ‡∏≤‡πÉ‡∏´‡πâ‡∏ô‡∏∂‡∏Å‡∏ñ‡∏∂‡∏á‡∏Å‡∏≤‡∏£‡πÉ‡∏ä‡πâ‡∏ä‡∏µ‡∏ß‡∏¥‡∏ï‡πÅ‡∏ö‡∏ö‡πÄ‡∏£‡∏µ‡∏¢‡∏ö‡∏á‡πà‡∏≤‡∏¢‚Äã ‡πÑ‡∏°‡πà‡∏ï‡πâ‡∏≠‡∏á‡πÄ‡∏£‡πà‡∏á‡∏£‡∏µ‡∏ö‚Äã ‡∏ô‡∏±‡πà‡∏á‡∏ü‡∏±‡∏á‡πÄ‡∏™‡∏µ‡∏¢‡∏á‡∏ò‡∏£‡∏£‡∏°‡∏ä‡∏≤‡∏ï‡∏¥‚Äã ‡∏ï‡πâ‡∏≠‡∏á‡∏ó‡∏µ‡πà‡πÅ‡∏°‡πà‡∏Å‡∏≥‡∏õ‡∏≠‡∏á‚Äã ‡∏ó‡∏±‡πâ‡∏á‡∏≠‡∏≤‡∏Å‡∏≤‡∏®‡πÄ‡∏¢‡πá‡∏ô‡∏ñ‡∏∂‡∏á‡∏´‡∏ô‡∏≤‡∏ß‡∏ï‡∏•‡∏≠‡∏î‡∏ó‡∏±‡πâ‡∏á‡∏õ‡∏µ‚Äã ‡πÄ‡∏õ‡πá‡∏ô‚Äã‡∏´‡∏°‡∏π‡πà‡∏ö‡πâ‡∏≤‡∏ô‡∏ó‡∏µ‡πà‡∏Ç‡∏ô‡∏≤‡∏ö‚Äã 2‚Äã ‡∏Ç‡πâ‡∏≤‡∏á‡∏ó‡∏≤‡∏á‡πÉ‡∏ô‡∏´‡∏∏‡∏ö‡πÄ‡∏Ç‡∏≤‚Äã ‡πÄ‡∏™‡πâ‡∏ô‡∏ó‡∏≤‡∏á‡∏Å‡∏≤‡∏£‡πÄ‡∏î‡∏¥‡∏ô‡∏ó‡∏≤‡∏á‡∏°‡∏≤‡∏ó‡∏µ‡πà‡∏≠‡∏≤‡∏à‡∏à‡∏∞‡∏•‡∏≥‡∏ö‡∏≤‡∏Å‡∏ô‡∏¥‡∏î‡∏´‡∏ô‡πà‡∏≠‡∏¢‚Äã ‡∏ï‡∏£‡∏á‡∏ñ‡∏ô‡∏ô‚Äã 2‚Äã ‡πÄ‡∏•‡∏ô‡∏ó‡∏µ‡πà‡πÑ‡∏°‡πà‡πÑ‡∏î‡πâ‡∏Å‡∏ß‡πâ‡∏≤‡∏á‡∏°‡∏≤‡∏Å‡∏ô‡∏±‡∏î‡∏û‡∏£‡πâ‡∏≠‡∏°‡∏Å‡∏±‡∏ö‡πÄ‡∏£‡πà‡∏á‡πÑ‡∏õ‡∏ï‡∏≠‡∏ô‡∏Ç‡∏∂‡πâ‡∏ô‡πÄ‡∏ô‡∏¥‡∏ô‡∏î‡∏≠‡∏¢‚Äã ‡πÅ‡∏ï‡πà‡∏Ñ‡∏ß‡∏≤‡∏°‡∏™‡∏ß‡∏¢‡∏á‡∏≤‡∏°‡πÅ‡∏•‡∏∞‡∏ò‡∏£‡∏£‡∏°‡∏ä‡∏≤‡∏ï‡∏¥‚Äã‡∏£‡∏≤‡∏¢‡∏•‡πâ‡∏≠‡∏°‡∏Å‡πá‡πÑ‡∏°‡πà‡∏ó‡∏≥‡πÉ‡∏´‡πâ‡∏ú‡∏¥‡∏î‡∏´‡∏ß‡∏±‡∏á‡∏à‡∏£‡∏¥‡∏á‡πÜ

‡∏ó‡∏µ‡πà‡∏û‡∏±‡∏Å‡∏™‡∏≤‡∏°‡∏≤‡∏£‡∏ñ‡∏´‡∏≤‡πÑ‡∏î‡πâ‡∏ï‡∏≤‡∏°‡∏£‡∏∞‡πÅ‡∏ß‡∏Å‡∏´‡∏°‡∏π‡πà‡∏ö‡πâ‡∏≤‡∏ô‡πÄ‡∏•‡∏¢‡∏Ñ‡πà‡∏∞‚Äã ‡πÄ‡∏û‡∏£‡∏≤‡∏∞‡∏ä‡∏≤‡∏ß‡∏ö‡πâ‡∏≤‡∏ô‡∏™‡πà‡∏ß‡∏ô‡πÉ‡∏´‡∏ç‡πà‡∏ó‡∏≥ ‡πÇ‡∏Æ‡∏°‡∏™‡πÄ‡∏ï‡∏¢‡πå‚Äã ‡∏Å‡∏±‡∏ô‡∏≠‡∏¢‡∏π‡πà‡πÅ‡∏•‡πâ‡∏ß‚Äã ‡∏´‡∏£‡∏∑‡∏≠‡πÉ‡∏Ñ‡∏£‡∏à‡∏∞‡∏°‡∏≤‡πÅ‡∏ö‡∏ö‡πÑ‡∏õ‡πÄ‡∏ä‡πâ‡∏≤‡πÄ‡∏¢‡πá‡∏ô‡∏Å‡∏•‡∏±‡∏ö‡∏Å‡πá‡πÑ‡∏î‡πâ‚Äã ‡∏ó‡∏µ‡πà‡πÄ‡∏ó‡∏µ‡πà‡∏¢‡∏ß‡πÄ‡∏î‡∏¥‡∏ô‡πÄ‡∏•‡πà‡∏ô‡∏ñ‡πà‡∏≤‡∏¢‡∏£‡∏π‡∏õ‚Äã ‡∏≠‡∏¢‡∏π‡πà‡∏ï‡∏¥‡∏î‡∏Å‡∏±‡∏ô‚Äã ‡πÄ‡∏£‡∏µ‡∏¢‡∏Å‡πÑ‡∏î‡πâ‡∏ß‡πà‡∏≤  ‡πÄ‡∏î‡∏¥‡∏ô‡πÑ‡∏õ‡∏Å‡∏¥‡∏ô‡πÑ‡∏õ‡πÄ‡∏ó‡∏µ‡πà‡∏¢‡∏ß‡πÑ‡∏õ

‡πÄ‡∏£‡∏≤‡∏°‡∏≤‡∏ä‡πà‡∏ß‡∏á‡∏Å‡∏≤‡∏£‡∏ú‡πà‡∏≠‡∏ô‡∏õ‡∏•‡∏ô‡∏•‡πá‡∏≠‡∏Å‡∏î‡∏≤‡∏ß‡∏à‡∏≤‡∏Å‡∏™‡∏ñ‡∏≤‡∏ô‡∏Å‡∏≤‡∏£‡∏ì‡πå‚Äã‡πÇ‡∏Ñ‡∏ß‡∏¥‡∏î-19 ‡πÄ‡∏£‡∏¥‡πà‡∏°‡∏î‡∏µ‡∏Ç‡∏∂‡πâ‡∏ô‚Äã ‡∏ú‡∏π‡πâ‡∏Ñ‡∏ô‡∏à‡∏≤‡∏Å‡∏ó‡∏µ‡πà‡∏ï‡πâ‡∏≠‡∏á‡∏≠‡∏¢‡∏π‡πà‡πÅ‡∏ï‡πà‡∏ö‡πâ‡∏≤‡∏ô‚Äã ‡∏Å‡πá‡πÄ‡∏£‡∏¥‡πà‡∏°‡∏û‡∏•‡∏±‡πà‡∏á‡∏û‡∏•‡∏π‡∏Å‡∏±‡∏ô‡∏≠‡∏≠‡∏Å‡∏°‡∏≤‡πÉ‡∏´‡πâ‡∏ò‡∏£‡∏£‡∏°‡∏ä‡∏≤‡∏ï‡∏¥‚Äã‡∏ä‡πà‡∏ß‡∏¢‡∏ú‡πà‡∏≠‡∏ô‡∏Ñ‡∏•‡∏≤‡∏¢‚Äã ‡∏ó‡∏µ‡πà‡∏à‡∏≠‡∏î‡∏£‡∏ñ‡∏Å‡πá‡∏à‡∏∞‡∏´‡∏≤‡∏¢‡∏≤‡∏Å‡πÜ‡∏´‡∏ô‡πà‡∏≠‡∏¢‚Äã ‡πÄ‡∏î‡∏¥‡∏ô‡∏ó‡∏≤‡∏á‡∏°‡∏≤‡πÄ‡∏ó‡∏µ‡πà‡∏¢‡∏ß‡∏Å‡πá‡∏£‡∏∞‡∏°‡∏±‡∏î‡∏£‡∏∞‡∏ß‡∏±‡∏á‡∏Å‡∏±‡∏ô‡∏î‡πâ‡∏ß‡∏¢‡∏ô‡∏∞‡∏Ñ‡∏∞‡∏ä‡πà‡∏ß‡∏á‡∏´‡∏ô‡πâ‡∏≤‡∏ù‡∏ô

‡∏°‡∏µ‡πÇ‡∏≠‡∏Å‡∏≤‡∏™‡∏Å‡πá‡πÅ‡∏ß‡∏∞‡∏°‡∏≤‡πÅ‡∏≠‡πà‡∏ß‡∏Å‡∏±‡∏ô‡πÄ‡∏ô‡πà‡∏≠‡πÄ‡∏à‡πâ‡∏≤‚Äã ‡∏°‡∏≤‡πÉ‡∏´‡πâ‡∏õ‡∏≠‡∏î‡πÑ‡∏î‡πâ‡∏™‡∏π‡∏î‡πÇ‡∏≠‡πÇ‡∏ã‡∏ô‡πÄ‡∏Ç‡πâ‡∏≤‡∏£‡πà‡∏≤‡∏á‡∏Å‡∏≤‡∏¢"
9,"4.5 70 ‡πÄ‡∏£‡∏ï‡∏ï‡∏¥‡πâ‡∏á (67 ‡∏£‡∏µ‡∏ß‡∏¥‡∏ß)‡πÄ‡∏ä‡∏¥‡∏á‡∏õ‡∏£‡∏∞‡∏ß‡∏±‡∏ï‡∏¥‡∏®‡∏≤‡∏™‡∏ï‡∏£‡πå, ‡∏≠‡∏∏‡∏ó‡∏¢‡∏≤‡∏ô‡πÅ‡∏•‡∏∞‡∏ò‡∏£‡∏£‡∏°‡∏ä‡∏≤‡∏ï‡∏¥‚Ä¢‡∏Ñ‡πà‡∏≤‡πÄ‡∏Ç‡πâ‡∏≤‡∏ä‡∏°: ‡∏ø 20/‡∏Ñ‡∏ô‡∏õ‡∏¥‡∏î‡∏≠‡∏¢‡∏π‡πà‡∏à‡∏∞‡πÄ‡∏õ‡∏¥‡∏î‡πÉ‡∏ô‡πÄ‡∏ß‡∏•‡∏≤ 08:00",‡∏™‡∏¥‡∏á‡∏´‡πå‡∏õ‡∏≤‡∏£‡πå‡∏Ñ ‡πÄ‡∏ä‡∏µ‡∏¢‡∏á‡∏£‡∏≤‡∏¢ ‡∏´‡∏£‡∏∑‡∏≠‡πÑ‡∏£‡πà‡∏ö‡∏∏‡∏ç‡∏£‡∏≠‡∏î ‡∏û‡∏∂‡πà‡∏á‡πÄ‡∏Ñ‡∏¢‡∏°‡∏≤‡∏Ñ‡∏£‡∏±‡πâ‡∏á‡πÅ‡∏£‡∏Å ‡∏Ñ‡∏∑‡∏≠‡πÉ‡∏´‡∏ç‡πà‡πÅ‡∏•‡∏∞‡∏Å‡∏ß‡πâ‡∏≤‡∏á‡∏°‡∏≤‡∏Å ‡∏°‡∏µ‡∏Ñ‡πà‡∏≤‡∏ö‡∏£‡∏¥‡∏Å‡∏≤‡∏£‡πÅ‡∏ï‡πà‡∏à‡∏≥‡πÑ‡∏°‡πà‡πÑ‡∏î‡πâ‡∏ß‡πà‡∏≤‡πÄ‡∏ó‡πà‡∏≤‡πÑ‡∏´‡∏£‡πà ‡∏†‡∏≤‡∏¢‡πÉ‡∏ô‡πÑ‡∏£‡πà‡∏Å‡πá‡∏°‡∏µ‡∏™‡∏ß‡∏ô‡∏î‡∏≠‡∏Å‡πÑ‡∏°‡πâ ‡πÑ‡∏£‡πà‡∏ä‡∏≤ ‡∏ó‡∏µ‡πà‡πÄ‡∏£‡∏≤‡∏™‡∏≤‡∏°‡∏≤‡∏£‡∏ñ‡πÄ‡∏•‡∏∑‡∏≠‡∏Å‡∏ß‡∏±‡∏ï‡∏ñ‡∏∏‡∏î‡∏¥‡∏ö‡∏°‡∏≤‡πÉ‡∏™‡πà‡∏ñ‡∏∏‡∏á‡∏ä‡∏≤‡πÄ‡∏≠‡∏á‡πÑ‡∏î‡πâ‡∏î‡πâ‡∏ß‡∏¢ ‡∏°‡∏µ‡∏™‡∏ß‡∏ô‡∏™‡∏±‡∏ï‡∏ß‡πå‡πÄ‡∏•‡πá‡∏Å‡πÜ ‡πÑ‡∏ß‡πâ‡πÉ‡∏´‡πâ‡πÄ‡∏î‡πá‡∏Å‡πÜ‡πÑ‡∏î‡πâ‡∏î‡∏π ‡∏°‡∏µ‡∏Å‡∏¥‡∏à‡∏Å‡∏£‡∏£‡∏°‡∏ï‡πà‡∏≤‡∏á‡πÜ‡∏≠‡∏µ‡∏Å‡∏°‡∏≤‡∏Å‡∏°‡∏≤‡∏¢ ‡πÄ‡∏û‡∏£‡∏≤‡∏∞‡πÑ‡∏£‡πà‡πÉ‡∏´‡∏ç‡πà‡∏°‡∏≤‡∏Å‡∏à‡∏£‡∏¥‡∏á‡πÜ ‡∏ó‡∏µ‡πà‡∏û‡∏•‡∏≤‡∏î‡πÑ‡∏°‡πà‡πÑ‡∏î‡πâ‡∏Ñ‡∏∑‡∏≠‡∏°‡∏∏‡∏°‡∏ñ‡πà‡∏≤‡∏¢‡∏£‡∏π‡∏õ ‡∏£‡∏π‡∏õ‡∏õ‡∏±‡πâ‡∏ô‡∏™‡∏¥‡∏á‡∏´‡πå‡∏™‡∏µ‡∏ó‡∏≠‡∏á‡∏Ç‡∏ô‡∏≤‡∏î‡πÉ‡∏´‡∏ç‡πà‡∏ö‡∏ô‡πÄ‡∏ô‡∏¥‡∏ô‡∏´‡∏ç‡πâ‡∏≤‡∏™‡∏µ‡πÄ‡∏Ç‡∏µ‡∏¢‡∏ß
10,"‡∏Å‡∏¥‡∏à‡∏Å‡∏£‡∏£‡∏°‡πÅ‡∏ô‡∏∞‡∏ô‡∏≥: ‡∏ñ‡πà‡∏≤‡∏¢‡∏£‡∏π‡∏õ, ‡∏ä‡∏°‡πÑ‡∏£‡πà‡∏ä‡∏≤, ‡∏õ‡∏±‡πà‡∏ô‡∏à‡∏±‡∏Å‡∏£‡∏¢‡∏≤‡∏ô, ‡πÇ‡∏î‡∏î‡∏£‡πà‡∏°‡∏£‡∏∞‡∏¢‡∏∞‡πÄ‡∏ß‡∏•‡∏≤‡∏ó‡∏µ‡πà‡πÉ‡∏ä‡πâ‡∏Å‡∏±‡∏ö‡∏™‡∏ñ‡∏≤‡∏ô‡∏ó‡∏µ‡πà‡∏ô‡∏µ‡πâ: ‡∏Ñ‡∏£‡∏∂‡πà‡∏á‡∏ß‡∏±‡∏ô","üåø ‡∏°‡∏≤‡πÄ‡∏ó‡∏µ‡πà‡∏¢‡∏ß #‡∏õ‡∏£‡∏≤‡∏ì‡∏ö‡∏∏‡∏£‡∏µ ‡∏Å‡πá‡∏ï‡πâ‡∏≠‡∏á‡πÅ‡∏ß‡∏∞‡∏°‡∏≤‡∏ó‡∏µ‡πà ‡∏ß‡∏ô‡∏≠‡∏∏‡∏ó‡∏¢‡∏≤‡∏ô ‡∏õ‡∏£‡∏≤‡∏ì‡∏ö‡∏∏‡∏£‡∏µ‡∏Ñ‡πà‡∏∞ ‡∏ä‡∏≠‡∏ö‡∏ó‡∏µ‡πà‡∏ô‡∏µ‡πà‡∏°‡∏≤‡∏Å‡∏Ñ‡πà‡∏∞ ‡∏ó‡∏µ‡πà‡∏ô‡∏µ‡πà‡∏õ‡πá‡∏ô #‡∏õ‡πà‡∏≤‡∏¢‡∏ä‡∏≤‡∏¢‡πÄ‡∏•‡∏ô ‡∏ó‡∏µ‡πà‡∏™‡∏°‡∏ö‡∏π‡∏£‡∏ì‡πå‡∏°‡∏≤‡∏Å ‡∏†‡∏≤‡∏¢‡πÉ‡∏ô‡πÉ‡∏ô‡∏ó‡∏≤‡∏á‡πÄ‡∏î‡∏¥‡∏ô‡πÑ‡∏°‡πâ‡πÉ‡∏´‡πâ‡πÄ‡∏î‡∏¥‡∏ô‡πÅ‡∏Ç‡πá‡∏á‡πÅ‡∏£‡∏á‡πÅ‡∏•‡∏∞‡∏õ‡∏•‡∏≠‡∏î‡∏†‡∏±‡∏¢ ‡∏ï‡∏•‡∏≠‡∏î‡∏ó‡∏≤‡∏á‡∏°‡∏µ‡∏õ‡πâ‡∏≤‡∏¢‡πÅ‡∏ô‡∏∞‡∏ô‡∏≥‡∏ï‡πâ‡∏ô‡πÑ‡∏°‡πâ‡∏ï‡πà‡∏≤‡∏á‡πÜ ‡πÅ‡∏•‡∏∞‡∏°‡∏µ‡∏ö‡∏≠‡∏Å‡∏à‡∏∏‡∏î‡∏™‡πà‡∏≠‡∏á‡∏õ‡∏π 

üåø ‡πÑ‡∏Æ‡πÑ‡∏•‡∏ï‡πå‡∏ó‡∏µ‡πà‡∏´‡πâ‡∏≤‡∏°‡∏û‡∏•‡∏≤‡∏î ‡∏Ñ‡∏∑‡∏≠ #‡∏ó‡∏∏‡πà‡∏á‡πÇ‡∏õ‡∏£‡∏á‡∏ó‡∏≠‡∏á ‡πÅ‡∏•‡∏∞‡∏´‡∏≠‡∏ä‡∏°‡∏ß‡∏¥‡∏ß ‡∏ó‡∏µ‡πà‡∏™‡∏≤‡∏°‡∏≤‡∏£‡∏ñ‡∏ä‡∏°‡∏ó‡∏∏‡πà‡∏á‡πÇ‡∏õ‡∏£‡∏á‡∏ó‡∏≠‡∏á‡∏™‡∏ß‡∏¢‡πÜ ‡πÅ‡∏•‡∏∞‡∏ä‡∏°‡∏õ‡πà‡∏≤‡∏ä‡∏≤‡∏¢‡πÄ‡∏•‡∏ô‡πÑ‡∏î‡πâ‡πÑ‡∏Å‡∏•‡∏™‡∏∏‡∏î‡∏•‡∏π‡∏Å‡∏´‡∏π‡∏•‡∏π‡∏Å‡∏ï‡∏≤ 

üí∏ ‡πÑ‡∏°‡πà‡πÄ‡∏™‡∏µ‡∏¢‡∏Ñ‡πà‡∏≤‡πÄ‡∏Ç‡πâ‡∏≤‡∏ô‡∏∞‡∏Ñ‡∏∞
üç° ‡∏ö‡∏£‡∏¥‡πÄ‡∏ß‡∏ì‡∏ô‡∏µ‡πâ‡∏°‡∏µ‡∏£‡πâ‡∏≤‡∏ô‡∏Ñ‡πâ‡∏≤‡πÄ‡∏•‡πá‡∏Å‡πÜ ‡πÅ‡∏•‡∏∞‡∏°‡∏µ‡∏´‡πâ‡∏≠‡∏á‡∏ô‡πâ‡∏≥‡πÉ‡∏´‡πâ‡πÄ‡∏Ç‡πâ‡∏≤‡∏Ñ‡πà‡∏∞


üìå Pran Buri Forest Park
061 464 4951
https://maps.app.goo.gl/2t3Kazy6WGURLSts5

üìå Mangrove forest walk road
https://maps.app.goo.gl/nJVQ1pqqckQBvRTy5"
11,"‡∏Å‡∏¥‡∏à‡∏Å‡∏£‡∏£‡∏°‡πÅ‡∏ô‡∏∞‡∏ô‡∏≥: ‡∏ñ‡πà‡∏≤‡∏¢‡∏£‡∏π‡∏õ, ‡∏ä‡∏°‡∏õ‡∏£‡∏∞‡∏ß‡∏±‡∏ï‡∏¥‡∏®‡∏≤‡∏™‡∏ï‡∏£‡πå‡∏ó‡∏≤‡∏á‡πÇ‡∏ö‡∏£‡∏≤‡∏ì‡∏Ñ‡∏î‡∏µ‡∏£‡∏∞‡∏¢‡∏∞‡πÄ‡∏ß‡∏•‡∏≤‡∏ó‡∏µ‡πà‡πÉ‡∏ä‡πâ‡∏Å‡∏±‡∏ö‡∏™‡∏ñ‡∏≤‡∏ô‡∏ó‡∏µ‡πà‡∏ô‡∏µ‡πâ: 1 - 2 ‡∏ä‡∏±‡πà‡∏ß‡πÇ‡∏°‡∏á","‡∏õ‡∏£‡∏≤‡∏™‡∏≤‡∏ó‡∏´‡∏¥‡∏ô‡∏û‡∏ô‡∏°‡∏£‡∏∏‡πâ‡∏á ‡∏™‡∏≤‡∏°‡∏≤‡∏£‡∏ñ ‡∏ô‡∏≥‡∏£‡∏ñ‡∏Ç‡∏∂‡πâ‡∏ô‡πÑ‡∏õ‡∏à‡∏≠‡∏î‡∏î‡πâ‡∏≤‡∏ô‡∏ö‡∏ô‡πÑ‡∏î‡πâ‡∏ô‡∏∞‡∏Ñ‡∏∞ ‡πÄ‡∏™‡∏µ‡∏¢‡∏Ñ‡πà‡∏≤‡πÄ‡∏≠‡∏≤‡∏£‡∏ñ‡∏Ç‡∏∂‡πâ‡∏ô‡∏Ñ‡∏±‡∏ô‡∏•‡∏∞ 50‡∏ö‡∏≤‡∏ó ‡∏™‡πà‡∏ß‡∏ô‡∏Ñ‡πà‡∏≤‡∏ï‡∏±‡πã‡∏ß‡πÄ‡∏Ç‡πâ‡∏≤‡∏ä‡∏° ‡∏ã‡∏∑‡πâ‡∏≠‡∏Ñ‡∏£‡∏±‡πâ‡∏á‡πÄ‡∏î‡∏µ‡∏¢‡∏ß‡πÄ‡∏Ç‡πâ‡∏≤‡∏ä‡∏°‡πÑ‡∏î‡πâ‡∏ó‡∏±‡πâ‡∏á ‡∏û‡∏ô‡∏°‡∏£‡∏∏‡πâ‡∏á ‡πÅ‡∏•‡∏∞‡∏õ‡∏£‡∏≤‡∏™‡∏≤‡∏ó‡πÄ‡∏°‡∏∑‡∏≠‡∏á‡∏ï‡πà‡∏≥ ‡∏Ñ‡∏ô‡∏•‡∏∞ 30‡∏ö‡∏≤‡∏ó (‡∏ñ‡πâ‡∏≤‡∏à‡∏≥‡πÑ‡∏°‡πà‡∏ú‡∏¥‡∏î)

‡πÉ‡∏ô 1‡∏õ‡∏µ ‡∏à‡∏∞‡∏°‡∏µ 4‡∏Ñ‡∏£‡∏±‡πâ‡∏á ‡∏ó‡∏µ‡πà‡∏™‡∏≤‡∏°‡∏≤‡∏£‡∏ñ‡πÄ‡∏´‡πá‡∏ô‡∏û‡∏£‡∏∞‡∏≠‡∏≤‡∏ó‡∏¥‡∏ï‡∏¢‡πå‡∏Ç‡∏∂‡πâ‡∏ô‡πÅ‡∏•‡∏∞‡∏•‡∏á‡∏ó‡∏∞‡∏•‡∏∏‡∏ó‡∏±‡πâ‡∏á 15‡∏ö‡∏≤‡∏ô‡∏õ‡∏£‡∏∞‡∏ï‡∏π ‡∏´‡∏≤‡∏Ç‡πâ‡∏≠‡∏°‡∏π‡∏•‡∏à‡∏≤‡∏Å‡πÄ‡∏ß‡∏õ‡πÑ‡∏î‡πâ ‡∏à‡∏£‡∏¥‡∏á‡πÜ ‡∏£‡∏≠‡∏ö‡∏ô‡∏µ‡πâ‡∏Å‡πá‡∏ï‡∏±‡πâ‡∏á‡πÉ‡∏à‡∏°‡∏≤‡∏î‡∏π ‡πÅ‡∏ï‡πà‡πÄ‡∏™‡∏µ‡∏¢‡∏î‡∏≤‡∏¢ ‡∏ï‡∏≠‡∏ô‡∏û‡∏£‡∏∞‡∏≠‡∏≤‡∏ó‡∏¥‡∏ï‡∏¢‡πå‡∏à‡∏∞‡∏ï‡∏Å‡πÄ‡∏°‡∏Ü‡∏°‡∏≤‡πÄ‡∏¢‡∏≠‡∏∞‡∏°‡∏≤‡∏Å ‡πÄ‡∏•‡∏¢‡∏ö‡∏±‡∏á‡∏û‡∏£‡∏∞‡∏≠‡∏≤‡∏ó‡∏¥‡∏ï‡∏¢‡πå‡∏°‡∏¥‡∏î‡πÄ‡∏•‡∏¢‡∏Ñ‡πà‡∏∞ ‡πÑ‡∏°‡πà‡πÄ‡∏´‡πá‡∏ô‡∏Ñ‡πà‡∏∞
‡∏™‡∏≠‡∏ö‡∏ñ‡∏≤‡∏°‡∏à‡∏≤‡∏Å‡πÄ‡∏à‡πâ‡∏≤‡∏´‡∏ô‡πâ‡∏≤‡∏ó‡∏µ‡πà‡∏Å‡∏£‡∏°‡∏®‡∏¥‡∏•‡∏õ‡∏≤‡∏Å‡∏£ ‡πÄ‡∏Ç‡∏≤‡∏ö‡∏≠‡∏Å‡∏ß‡πà‡∏≤ ‡πÄ‡∏î‡∏∑‡∏≠‡∏ô ‡πÄ‡∏°.‡∏¢. ‡∏Ñ‡∏ô‡∏à‡∏∞‡∏°‡∏≤‡∏î‡∏π‡πÄ‡∏¢‡∏≠‡∏∞‡∏ó‡∏µ‡πà‡∏™‡∏∏‡∏î ‡πÅ‡∏•‡∏∞‡πÇ‡∏≠‡∏Å‡∏≤‡∏™‡πÄ‡∏´‡πá‡∏ô‡πÄ‡∏¢‡∏≠‡∏∞‡∏°‡∏≤‡∏Å ‡πÄ‡∏û‡∏£‡∏≤‡∏∞‡πÄ‡∏õ‡πá‡∏ô‡∏´‡∏ô‡πâ‡∏≤‡∏£‡πâ‡∏≠‡∏ô‡∏î‡πâ‡∏ß‡∏¢ ‡πÉ‡∏ô 1‡∏£‡∏≠‡∏ö‡∏à‡∏∞‡∏™‡∏≤‡∏°‡∏≤‡∏£‡∏ñ‡∏°‡∏≤‡∏î‡∏π‡πÑ‡∏î‡πâ 3 ‡∏ß‡∏±‡∏ô

‡πÑ‡∏î‡πâ‡πÄ‡∏´‡πá‡∏ô‡∏ó‡πâ‡∏ö‡∏´‡∏•‡∏±‡∏á‡∏ô‡∏≤‡∏£‡∏≤‡∏¢‡∏ì‡πå‡∏ö‡∏£‡∏£‡∏ó‡∏°‡∏®‡∏¥‡∏•‡∏õ‡πå‡πÅ‡∏ö‡∏ö‡πÄ‡∏ï‡πá‡∏°‡πÜ ‡∏î‡∏µ‡πÉ‡∏à ‡∏Ñ‡∏∑‡∏≠‡πÉ‡∏ô‡∏†‡∏≤‡∏û‡∏ô‡∏µ‡πà‡∏°‡∏≤ 2‡∏£‡∏≠‡∏ö‡∏Ñ‡πà‡∏∞ ‡∏£‡∏≠‡∏ö‡πÄ‡∏¢‡πá‡∏ô ‡∏ï‡∏≠‡∏ô‡πÉ‡∏Å‡∏•‡πâ‡∏û‡∏£‡∏∞‡∏≠‡∏≤‡∏ó‡∏¥‡∏ï‡∏¢‡πå‡∏ï‡∏Å ‡∏Å‡∏±‡∏ö‡∏£‡∏≠‡∏ö‡πÄ‡∏ä‡πâ‡∏≤ ‡∏õ‡∏£‡∏∞‡∏°‡∏≤‡∏ì 9.00‡∏ô.‡πÄ‡∏•‡∏¢

‡∏°‡∏µ‡∏Ñ‡πâ‡∏≤‡∏á‡∏Ñ‡∏≤‡∏ß‡πÄ‡∏ï‡πá‡∏°‡πÄ‡∏•‡∏¢ ‡∏ñ‡∏∂‡∏á‡πÑ‡∏î‡πâ‡πÄ‡∏´‡∏°‡πá‡∏ô‡∏Ñ‡πâ‡∏≤‡∏á‡∏Ñ‡∏≤‡∏ß"
12,‡∏Å‡∏¥‡∏à‡∏Å‡∏£‡∏£‡∏°‡πÅ‡∏ô‡∏∞‡∏ô‡∏≥: ‡∏ó‡∏≤‡∏ô‡∏≠‡∏≤‡∏´‡∏≤‡∏£‡∏£‡∏∞‡∏¢‡∏∞‡πÄ‡∏ß‡∏•‡∏≤‡∏ó‡∏µ‡πà‡πÉ‡∏ä‡πâ‡∏Å‡∏±‡∏ö‡∏™‡∏ñ‡∏≤‡∏ô‡∏ó‡∏µ‡πà‡∏ô‡∏µ‡πâ: 1 - 2 ‡∏ä‡∏±‡πà‡∏ß‡πÇ‡∏°‡∏á,"...‡∏ß‡∏ô‡∏≠‡∏∏‡∏ó‡∏¢‡∏≤‡∏ô‡∏õ‡∏£‡∏≤‡∏ì‡∏ö‡∏∏‡∏£‡∏µ (‡∏õ‡∏£‡∏∞‡∏à‡∏ß‡∏ö‡∏Ñ‡∏µ‡∏£‡∏µ‡∏Ç‡∏±‡∏ô‡∏ò‡πå) ‡∏ó‡∏µ‡πà‡πÄ‡∏ó‡∏µ‡πà‡∏¢‡∏ß‡πÅ‡∏ô‡∏ß‡∏ò‡∏£‡∏£‡∏°‡∏ä‡∏≤‡∏ï‡∏¥‡∏õ‡πà‡∏≤‡∏ä‡∏≤‡∏¢‡πÄ‡∏•‡∏ô ‡∏≠‡∏µ‡∏Å‡∏´‡∏ô‡∏∂‡πà‡∏á‡∏à‡∏∏‡∏î‡∏´‡∏°‡∏≤‡∏¢‡∏ó‡∏µ‡πà‡∏ï‡πâ‡∏≠‡∏á‡∏°‡∏≤‡∏™‡∏≥‡∏´‡∏£‡∏±‡∏ö‡∏ú‡∏π‡πâ‡∏ó‡∏µ‡πà‡∏£‡∏±‡∏Å‡∏ò‡∏£‡∏£‡∏°‡∏ä‡∏≤‡∏ï‡∏¥ ‡∏≠‡∏¢‡∏π‡πà‡∏´‡πà‡∏≤‡∏á‡∏à‡∏≤‡∏Å‡∏´‡∏±‡∏ß‡∏´‡∏¥‡∏ô‡πÑ‡∏°‡πà‡πÑ‡∏Å‡∏• ‡∏õ‡∏£‡∏∞‡∏°‡∏≤‡∏ì 20 ‡∏Å‡∏¥‡πÇ‡∏•‡πÄ‡∏°‡∏ï‡∏£   

...‡∏†‡∏≤‡∏¢‡πÉ‡∏ô‡∏≠‡∏∏‡∏ó‡∏¢‡∏≤‡∏ô‡∏°‡∏µ‡∏ú‡∏∑‡∏ô‡∏õ‡πà‡∏≤‡∏ä‡∏≤‡∏¢‡πÄ‡∏•‡∏ô‡∏≠‡∏∏‡∏î‡∏°‡∏™‡∏°‡∏ö‡∏π‡∏£‡∏ì‡πå‡∏Å‡∏ß‡πâ‡∏≤‡∏á‡πÉ‡∏´‡∏ç‡πà ‡∏ó‡∏∏‡πà‡∏á‡πÇ‡∏õ‡∏£‡πà‡∏á‡∏ó‡∏≠‡∏á‡∏™‡∏ß‡∏¢‡∏á‡∏≤‡∏° ‡πÑ‡∏Æ‡πÑ‡∏•‡∏ó‡πå‡∏ó‡∏µ‡πà‡∏ô‡∏±‡∏Å‡∏ó‡πà‡∏≠‡∏á‡πÄ‡∏ó‡∏µ‡πà‡∏¢‡∏ß‡∏™‡πà‡∏ß‡∏ô‡πÉ‡∏´‡∏ç‡πà‡∏ô‡∏¥‡∏¢‡∏°‡πÅ‡∏ß‡∏∞‡∏û‡∏±‡∏Å‡∏ñ‡πà‡∏≤‡∏¢‡∏£‡∏π‡∏õ ‡∏Ñ‡∏∑‡∏≠‡∏´‡∏≠‡∏ä‡∏°‡∏ß‡∏¥‡∏ß ‡∏ó‡∏µ‡πà‡∏™‡∏≤‡∏°‡∏≤‡∏£‡∏ñ‡∏°‡∏≠‡∏á‡πÄ‡∏´‡πá‡∏ô‡∏õ‡πà‡∏≤‡∏ä‡∏≤‡∏¢‡πÄ‡∏•‡∏ô‡∏ó‡∏µ‡πà‡∏™‡∏ß‡∏¢‡∏á‡∏≤‡∏°‡πÑ‡∏î‡πâ‡πÑ‡∏Å‡∏•‡∏™‡∏∏‡∏î‡∏ï‡∏≤"
13,"‡∏Å‡∏¥‡∏à‡∏Å‡∏£‡∏£‡∏°‡πÅ‡∏ô‡∏∞‡∏ô‡∏≥: ‡∏Å‡∏¥‡∏ô‡πÄ‡∏Ñ‡πâ‡∏Å‡∏ä‡∏≤‡πÄ‡∏Ç‡∏µ‡∏¢‡∏ß, ‡∏Å‡∏¥‡∏ô‡∏Ç‡∏ô‡∏°, ‡∏ä‡∏≤, ‡∏ñ‡πà‡∏≤‡∏¢‡∏£‡∏π‡∏õ, ‡∏Ç‡∏≠‡∏á‡∏ù‡∏≤‡∏Å‡∏£‡∏∞‡∏¢‡∏∞‡πÄ‡∏ß‡∏•‡∏≤‡∏ó‡∏µ‡πà‡πÉ‡∏ä‡πâ‡∏Å‡∏±‡∏ö‡∏™‡∏ñ‡∏≤‡∏ô‡∏ó‡∏µ‡πà‡∏ô‡∏µ‡πâ: 1 - 2 ‡∏ä‡∏±‡πà‡∏ß‡πÇ‡∏°‡∏á",‡∏°‡∏≤‡πÅ‡∏°‡πà‡∏Å‡∏≥‡∏õ‡∏≠‡∏á‡∏Ñ‡∏£‡∏±‡πâ‡∏á‡πÅ‡∏£‡∏Å ‡∏Ç‡∏±‡∏ö‡∏£‡∏ñ‡∏à‡∏≤‡∏Å‡∏ï‡∏±‡∏ß‡πÄ‡∏°‡∏∑‡∏≠‡∏á‡πÄ‡∏û‡∏∑‡πà‡∏≠‡∏î‡∏∑‡πà‡∏°‡∏Å‡∏≤‡πÅ‡∏ü‡∏£‡πâ‡∏≤‡∏ô‡∏î‡∏±‡∏á‡∏Ç‡∏≠‡∏á‡∏ó‡∏µ‡πà‡∏ô‡∏µ‡πà ‡∏õ‡∏£‡∏∞‡∏™‡∏ö‡∏Å‡∏≤‡∏£‡∏ì‡πå‡∏Ñ‡∏£‡∏±‡πâ‡∏á‡∏ô‡∏±‡πâ‡∏ô‡πÑ‡∏°‡πà‡∏õ‡∏£‡∏∞‡∏ó‡∏±‡∏ö‡πÉ‡∏à‡πÄ‡∏ó‡πà‡∏≤‡πÑ‡∏´‡∏£‡πà ‡∏Å‡∏•‡∏±‡∏ö‡∏°‡∏≤‡πÅ‡∏°‡πà‡∏Å‡∏≥‡∏õ‡∏≠‡∏á‡∏≠‡∏µ‡∏Å‡∏Ñ‡∏£‡∏±‡πâ‡∏á‡πÄ‡∏û‡∏∑‡πà‡∏≠‡∏Å‡∏≤‡∏£‡∏ó‡πà‡∏≠‡∏á‡πÄ‡∏ó‡∏µ‡πà‡∏¢‡∏ß‡∏ß‡∏¥‡∏ñ‡∏µ‡∏ä‡∏∏‡∏°‡∏ä‡∏ô‡∏ó‡∏µ‡πà‡πÅ‡∏ó‡πâ‡∏ó‡∏£‡∏π ‡∏û‡∏±‡∏Å‡πÇ‡∏Æ‡∏°‡∏™‡πÄ‡∏ï‡∏¢‡πå ‡∏ó‡∏≤‡∏ô‡∏Ç‡πâ‡∏≤‡∏ß‡∏ù‡∏µ‡∏°‡∏∑‡∏≠‡πÄ‡∏à‡πâ‡∏≤‡∏Ç‡∏≠‡∏á‡∏ö‡πâ‡∏≤‡∏ô ‡∏Å‡∏≤‡∏£‡πÄ‡∏î‡∏¥‡∏ô‡∏ó‡∏≤‡∏á‡∏°‡∏≤‡πÉ‡∏ô‡∏ß‡∏±‡∏ô‡∏®‡∏∏‡∏Å‡∏£‡πå‡∏Ç‡∏≠‡∏á‡∏ó‡∏£‡∏¥‡∏õ‡∏ô‡∏µ‡πâ‡∏à‡∏ö‡∏î‡πâ‡∏ß‡∏¢‡∏Ñ‡∏ß‡∏≤‡∏°‡∏™‡∏∏‡∏Ç‡∏≠‡∏¢‡πà‡∏≤‡∏á‡πÄ‡πÄ‡∏ó‡πâ‡∏à‡∏£‡∏¥‡∏á ‡πÄ‡∏û‡∏£‡∏≤‡∏∞‡∏Ñ‡∏ô‡πÑ‡∏°‡πà‡πÄ‡∏¢‡∏≠‡∏∞ ‡πÑ‡∏°‡πà‡πÅ‡∏≠‡∏≠‡∏±‡∏î ‡∏™‡∏π‡∏î‡∏≠‡∏≤‡∏Å‡∏≤‡∏®‡∏™‡∏î‡∏ä‡∏∑‡πà‡∏ô‡∏≠‡∏¢‡πà‡∏≤‡∏á‡πÄ‡∏ï‡πá‡∏°‡∏ó‡∏µ‡πà ‡∏≠‡πâ‡∏≠..‡πÑ‡∏°‡πà‡∏ß‡πà‡∏≤‡∏Ñ‡∏∏‡∏ì‡∏à‡∏∞‡∏û‡∏±‡∏Å‡∏ó‡∏µ‡πà‡πÑ‡∏´‡∏ô ‡∏ï‡∏≠‡∏ô‡πÄ‡∏ä‡πâ‡∏≤‡∏≠‡∏¢‡πà‡∏≤‡∏•‡∏∑‡∏°‡∏°‡∏≤‡∏™‡∏±‡∏°‡∏ú‡∏±‡∏™‡∏ß‡∏¥‡∏ß‡∏°‡∏´‡∏≤‡∏ä‡∏ô‡∏ó‡∏µ‡πà‡∏£‡πâ‡∏≤‡∏ô‡∏Å‡∏≤‡πÅ‡∏ü‡∏£‡∏∞‡πÄ‡∏ö‡∏µ‡∏¢‡∏á‡∏ß‡∏¥‡∏ß ‡πÄ‡∏û‡∏∑‡πà‡∏≠‡∏ä‡∏°‡∏´‡∏°‡∏π‡πà‡∏ö‡πâ‡∏≤‡∏ô‡∏Å‡∏±‡∏ô‡∏î‡πâ‡∏ß‡∏¢‡∏ô‡∏∞‡∏Ñ‡∏∞
14,‡∏Å‡∏¥‡∏à‡∏Å‡∏£‡∏£‡∏°‡πÅ‡∏ô‡∏∞‡∏ô‡∏≥: ‡πÄ‡∏î‡∏¥‡∏ô‡∏™‡∏Å‡∏≤‡∏¢‡∏ß‡∏≠‡∏£‡πå‡∏Ñ‡∏£‡∏∞‡∏¢‡∏∞‡πÄ‡∏ß‡∏•‡∏≤‡∏ó‡∏µ‡πà‡πÉ‡∏ä‡πâ‡∏Å‡∏±‡∏ö‡∏™‡∏ñ‡∏≤‡∏ô‡∏ó‡∏µ‡πà‡∏ô‡∏µ‡πâ: 1 - 2 ‡∏ä‡∏±‡πà‡∏ß‡πÇ‡∏°‡∏á,"‡∏à‡∏∞‡πÅ‡∏ß‡∏∞‡∏°‡∏≤‡∏´‡∏≤‡∏û‡∏µ‡πà‡∏ô‡∏∏ ‡πÑ‡∏£‡πà‡∏™‡∏ï‡∏£‡∏≠‡πÄ‡∏ö‡∏≠‡∏£‡∏µ‡∏°‡πà‡∏≠‡∏ô‡πÄ‡∏Ñ‡∏µ‡∏¢‡∏á‡∏î‡∏≤‡∏ß
‡∏ä‡πà‡∏ß‡∏á‡∏ô‡∏µ‡πâ‡∏õ‡∏¥‡∏î‡πÑ‡∏£‡πà ‡∏≠‡∏≤‡∏Å‡∏≤‡∏®‡∏£‡πâ‡∏≠‡∏ô ‡πÑ‡∏°‡πà‡∏°‡∏µ‡∏™‡∏ï‡∏£‡∏≠‡πÄ‡∏ö‡∏≠‡∏£‡∏µ‡πÄ‡∏•‡∏¢
‡πÄ‡∏•‡∏¢‡∏°‡∏≤‡∏à‡∏¥‡∏ö‡∏ä‡∏≤ ‡πÑ‡∏£‡πà‡∏ä‡∏≤‡∏â‡∏∏‡∏¢‡∏ü‡∏á‡πÅ‡∏ó‡∏ô ‡∏ã‡∏≠‡∏¢‡πÄ‡∏î‡∏µ‡∏¢‡∏ß‡∏Å‡∏±‡∏ô
‡∏•‡∏≠‡∏á‡πÄ‡∏°‡∏ô‡∏π‡πÉ‡∏´‡∏°‡πà‡πÜ ‡πÑ‡∏≠‡∏ï‡∏¥‡∏°‡∏ö‡∏¥‡∏á‡∏ã‡∏π‡∏ô‡∏°‡∏™‡∏î (120) 
‡∏´‡∏≠‡∏°‡∏ô‡∏° ‡∏≠‡∏£‡πà‡∏≠‡∏¢‡∏°‡∏≤‡∏Å ‡∏£‡∏≤‡∏î‡∏ô‡∏°‡∏Ç‡πâ‡∏ô ‡πÄ‡∏û‡∏¥‡πà‡∏°‡∏Ñ‡∏ß‡∏≤‡∏°‡∏´‡∏≠‡∏°‡∏°‡∏±‡∏ô
Top ‡∏î‡πâ‡∏ß‡∏¢ ‡∏≠‡∏±‡∏•‡∏°‡∏≠‡∏ô‡∏î‡πå ‡∏≠‡∏£‡πà‡∏≠‡∏¢‡∏Ç‡∏∂‡πâ‡∏ô‡πÑ‡∏õ‡∏≠‡∏µ‡∏Å
‡∏ä‡∏≤‡πÑ‡∏ó‡∏¢‡πÄ‡∏¢‡πá‡∏ô (60) ‡∏ä‡∏≤‡∏à‡∏≤‡∏Å‡πÑ‡∏£‡πà‡∏ä‡∏≤‡∏â‡∏∏‡∏¢‡∏ü‡∏á 
‡πÄ‡∏Ç‡πâ‡∏°‡∏Ç‡πâ‡∏ô ‡πÄ‡∏¢‡πá‡∏ô ‡∏ä‡∏∑‡πà‡∏ô‡πÉ‡∏à
‡πÑ‡∏≠‡∏ï‡∏¥‡∏°‡∏ã‡∏≠‡∏ü‡∏ó‡πå‡∏ä‡∏≤‡πÄ‡∏Ç‡∏µ‡∏¢‡∏ß (60)
‡πÑ‡∏≠‡∏ï‡∏¥‡∏°‡∏ä‡∏≤‡πÄ‡∏Ç‡∏µ‡∏¢‡∏ß‡∏ú‡∏™‡∏°‡∏ô‡∏° ‡∏ô‡∏∏‡πà‡∏°‡πÜ ‡∏´‡∏ß‡∏≤‡∏ô‡∏°‡∏±‡∏ô ‡∏≠‡∏£‡πà‡∏≠‡∏¢
‡πÅ‡∏°‡πâ‡∏≠‡∏≤‡∏Å‡∏≤‡∏®‡∏à‡∏∞‡∏£‡πâ‡∏≠‡∏ô ‡πÅ‡∏ï‡πà‡∏¢‡∏±‡∏á‡∏°‡∏µ‡∏•‡∏°‡πÇ‡∏ä‡∏¢‡πÄ‡∏¢‡πá‡∏ô‡πÜ
‡∏•‡∏π‡∏Å‡∏Ñ‡πâ‡∏≤‡∏ô‡πâ‡∏≠‡∏¢‡∏°‡∏≤‡∏Å ‡πÑ‡∏°‡πà‡∏ï‡πâ‡∏≠‡∏á‡∏£‡∏≠‡∏Ñ‡∏¥‡∏ß‡πÄ‡∏•‡∏¢
‡∏£‡∏™‡∏ä‡∏≤‡∏ï‡∏¥8.5 ‡∏£‡∏≤‡∏Ñ‡∏≤7
‡∏ß‡∏±‡∏ï‡∏ñ‡∏∏‡∏î‡∏¥‡∏ö8 ‡∏Ñ‡∏ß‡∏≤‡∏°‡∏™‡∏∞‡∏≠‡∏≤‡∏î8"
15,"‡∏Å‡∏¥‡∏à‡∏Å‡∏£‡∏£‡∏°‡πÅ‡∏ô‡∏∞‡∏ô‡∏≥: ‡∏ä‡∏°‡∏î‡∏≠‡∏Å‡πÑ‡∏°‡πâ, ‡∏û‡∏±‡∏Å‡∏ú‡πà‡∏≠‡∏ô‡∏à‡∏¥‡∏ö‡∏Å‡∏≤‡πÅ‡∏ü‡πÉ‡∏ô‡∏™‡∏ß‡∏ô, ‡∏ñ‡πà‡∏≤‡∏¢‡∏£‡∏π‡∏õ‡∏£‡∏∞‡∏¢‡∏∞‡πÄ‡∏ß‡∏•‡∏≤‡∏ó‡∏µ‡πà‡πÉ‡∏ä‡πâ‡∏Å‡∏±‡∏ö‡∏™‡∏ñ‡∏≤‡∏ô‡∏ó‡∏µ‡πà‡∏ô‡∏µ‡πâ: ‡∏Ñ‡∏£‡∏∂‡πà‡∏á‡∏ß‡∏±‡∏ô","‡πÄ‡∏£‡∏≤‡∏°‡∏≤‡∏ï‡∏≠‡∏ô‡∏ä‡πà‡∏ß‡∏á‡πÄ‡∏î‡∏∑‡∏≠‡∏ô‡∏ò‡∏±‡∏ô‡∏ß‡∏≤ ‡∏î‡∏≠‡∏Å‡∏ó‡∏≤‡∏ô‡∏ï‡∏∞‡∏ß‡∏±‡∏ô‡∏ö‡∏≤‡∏ô‡πÄ‡∏ï‡πá‡∏°‡∏ó‡∏∏‡πà‡∏á‡∏™‡∏∏‡∏î‡∏•‡∏π‡∏Å‡∏´‡∏π‡∏•‡∏π‡∏Å‡∏ï‡∏≤ ‡∏ö‡∏£‡∏¥‡πÄ‡∏ß‡∏ì‡∏Å‡∏ß‡πâ‡∏≤‡∏á‡∏Å‡∏ß‡πà‡∏≤‡∏ó‡∏µ‡πà‡∏Ñ‡∏¥‡∏î ‡∏ñ‡∏∂‡∏á‡∏Ñ‡∏ô‡∏à‡∏∞‡πÄ‡∏¢‡∏≠‡∏∞‡∏Å‡πá‡∏¢‡∏±‡∏á‡∏™‡∏≤‡∏°‡∏≤‡∏£‡∏ñ‡∏´‡∏≤‡∏°‡∏∏‡∏°‡∏ñ‡πà‡∏≤‡∏¢‡∏£‡∏π‡∏õ‡πÉ‡∏ô‡∏ó‡∏∏‡πà‡∏á‡πÑ‡∏î‡πâ‡πÇ‡∏î‡∏¢‡πÑ‡∏°‡πà‡∏ï‡∏¥‡∏î‡∏Ñ‡∏ô ‡∏î‡∏≠‡∏Å‡∏ó‡∏≤‡∏ô‡∏ï‡∏∞‡∏ß‡∏±‡∏ô‡∏î‡∏≠‡∏Å‡πÉ‡∏´‡∏ç‡πà ‡∏ï‡πâ‡∏ô‡∏™‡∏π‡∏á üåª ‡∏ñ‡πà‡∏≤‡∏¢‡∏£‡∏π‡∏õ‡∏≠‡∏≠‡∏Å‡∏°‡∏≤‡∏™‡∏ß‡∏¢‡∏°‡∏≤‡∏Å‡∏Å‡∏Å ‡πÄ‡∏ï‡∏£‡∏µ‡∏¢‡∏°‡∏î‡∏π pose reference ‡∏à‡∏≤‡∏Å pinterest ‡πÑ‡∏î‡πâ‡πÄ‡∏•‡∏¢ ‡∏£‡∏±‡∏ö‡∏õ‡∏£‡∏∞‡∏Å‡∏±‡∏ô‡∏Ñ‡∏ß‡∏≤‡∏°‡∏™‡∏ß‡∏¢ ‡πÑ‡∏î‡πâ‡∏£‡∏π‡∏õ‡πÄ‡∏¢‡∏≠‡∏∞‡∏°‡∏≤‡∏Å ‡πÄ‡∏£‡∏≤‡∏≠‡∏¢‡∏π‡πà‡πÉ‡∏ô‡∏ó‡∏∏‡πà‡∏á‡πÑ‡∏õ‡∏ï‡∏±‡πâ‡∏á 2 ‡∏ä‡∏±‡πà‡∏ß‡πÇ‡∏°‡∏á‡πÄ‡∏â‡∏¢‡πÄ‡∏•‡∏¢ ‡πÄ‡∏û‡∏•‡∏¥‡∏ô‡πÄ‡∏Å‡∏¥‡∏ô ‡∏´‡∏•‡∏±‡∏á‡πÑ‡∏´‡∏°‡πâ‡∏Å‡∏±‡∏ô‡πÑ‡∏õ‡∏Ç‡πâ‡∏≤‡∏á‡∏ô‡∏∂‡∏á üåû 

‡πÅ‡∏ô‡∏∞‡∏ô‡∏≥‡πÉ‡∏´‡πâ‡∏°‡∏≤‡∏ä‡πà‡∏ß‡∏á 09:00-12:00 ‡πÄ‡∏û‡∏£‡∏≤‡∏∞‡∏ö‡πà‡∏≤‡∏¢‡πÜ‡∏î‡∏≠‡∏Å‡∏ó‡∏≤‡∏ô‡∏ï‡∏∞‡∏ß‡∏±‡∏ô‡∏à‡∏∞‡πÄ‡∏£‡∏¥‡πà‡∏°‡∏´‡∏ô‡πâ‡∏≤‡∏á‡∏≠‡∏Ñ‡∏≠‡∏´‡∏±‡∏Å ‡πÑ‡∏°‡πà‡∏ö‡∏≤‡∏ô‡∏™‡∏ß‡∏¢‡πÄ‡∏ó‡πà‡∏≤‡∏ä‡πà‡∏ß‡∏á‡πÄ‡∏ä‡πâ‡∏≤ ‡∏Ç‡∏≠‡∏ö‡∏≠‡∏Å‡πÑ‡∏ß‡πâ‡∏Å‡πà‡∏≠‡∏ô‡∏ß‡πà‡∏≤‡∏£‡πâ‡∏≠‡∏ô‡∏°‡∏≤‡∏Å‡πÜ‡πÅ‡∏ï‡πà‡∏ñ‡πà‡∏≤‡∏¢‡∏£‡∏π‡∏õ‡∏™‡∏ß‡∏¢‡πÅ‡∏ô‡πà‡∏ô‡∏≠‡∏ô ‡πÑ‡∏°‡πà‡∏°‡∏µ‡∏Ñ‡πà‡∏≤‡πÄ‡∏Ç‡πâ‡∏≤ ‡πÅ‡∏ï‡πà‡πÄ‡∏Å‡πá‡∏ö‡∏Ñ‡πà‡∏≤‡∏ó‡∏µ‡πà‡∏à‡∏≠‡∏î‡∏£‡∏ñ‡∏ô‡∏¥‡∏î‡∏´‡∏ô‡πà‡∏≠‡∏¢ ‡∏°‡∏µ‡∏´‡πâ‡∏≠‡∏á‡∏ô‡πâ‡∏≥‡∏ö‡∏£‡∏¥‡∏Å‡∏≤‡∏£ ‡∏°‡∏µ‡πÄ‡∏°‡∏•‡πá‡∏î‡∏ó‡∏≤‡∏ô‡∏ï‡∏∞‡∏ß‡∏±‡∏ô‡∏Ñ‡∏±‡πà‡∏ß‡πÉ‡∏´‡∏°‡πà‡πÜ‡∏Ç‡∏≤‡∏¢‡πÄ‡∏ï‡πá‡∏°‡πÄ‡∏•‡∏¢ ‡∏ä‡∏¥‡∏°‡∏£‡πâ‡∏≤‡∏ô‡πÑ‡∏´‡∏ô‡∏ñ‡∏π‡∏Å‡πÉ‡∏à‡∏Å‡πá‡∏ã‡∏∑‡πâ‡∏≠‡πÑ‡∏õ‡∏ù‡∏≤‡∏Å‡∏Ñ‡∏ô‡∏ó‡∏µ‡πà‡∏ö‡πâ‡∏≤‡∏ô‡∏Å‡∏±‡∏ô‡πÑ‡∏î‡πâ‡πÄ‡∏•‡∏¢ üå∞"
16,"‡∏Å‡∏¥‡∏à‡∏Å‡∏£‡∏£‡∏°‡πÅ‡∏ô‡∏∞‡∏ô‡∏≥: ‡πÉ‡∏´‡πâ‡∏≠‡∏≤‡∏´‡∏≤‡∏£‡∏°‡πâ‡∏≤, ‡∏ñ‡πà‡∏≤‡∏¢‡∏£‡∏π‡∏õ, ‡∏Ñ‡∏≤‡πÄ‡∏ü‡πà, ‡∏ó‡∏≤‡∏ô‡∏≠‡∏≤‡∏´‡∏≤‡∏£‡∏£‡∏∞‡∏¢‡∏∞‡πÄ‡∏ß‡∏•‡∏≤‡∏ó‡∏µ‡πà‡πÉ‡∏ä‡πâ‡∏Å‡∏±‡∏ö‡∏™‡∏ñ‡∏≤‡∏ô‡∏ó‡∏µ‡πà‡∏ô‡∏µ‡πâ: 1 - 2 ‡∏ä‡∏±‡πà‡∏ß‡πÇ‡∏°‡∏á","‡∏™‡∏ñ‡∏≤‡∏ô‡∏ó‡∏µ‡πà‡∏ó‡∏µ‡πà‡∏£‡∏ß‡∏°‡∏£‡πâ‡∏≤‡∏ô‡∏≠‡∏≤‡∏´‡∏≤‡∏£‡πÅ‡∏•‡∏∞‡∏Ñ‡∏≤‡πÄ‡∏ü‡πà‡∏°‡∏≤‡∏≠‡∏¢‡∏π‡πà‡πÉ‡∏ô‡∏ó‡∏µ‡πà‡πÄ‡∏î‡∏µ‡∏¢‡∏ß‡∏Å‡∏±‡∏ô ‡∏£‡∏ß‡∏°‡∏ñ‡∏∂‡∏á‡∏™‡πà‡∏ß‡∏ô‡∏ó‡∏µ‡πà‡∏°‡∏µ‡∏™‡∏±‡∏ï‡∏ß‡πå‡πÉ‡∏´‡πâ‡∏ä‡∏°‡πÅ‡∏•‡∏∞‡πÉ‡∏´‡πâ‡∏≠‡∏≤‡∏´‡∏≤‡∏£ ‡∏°‡πâ‡∏≤ ‡πÑ‡∏Å‡πà ‡∏´‡πà‡∏≤‡∏ô

‡∏ù‡∏±‡πà‡∏á‡∏£‡πâ‡∏≤‡∏ô‡∏≠‡∏≤‡∏´‡∏≤‡∏£‡∏ó‡∏µ‡πà‡πÄ‡∏£‡∏≤‡πÄ‡∏•‡∏∑‡∏≠‡∏Å‡∏à‡∏∞‡∏°‡∏≤‡πÅ‡∏ô‡∏ß‡∏™‡πâ‡∏°‡∏ï‡∏≥‡πÑ‡∏Å‡πà‡∏¢‡πà‡∏≤‡∏á ‡πÄ‡∏£‡∏≤‡∏™‡∏±‡πà‡∏á3‡∏≠‡∏¢‡πà‡∏≤‡∏á
-‡∏•‡∏≤‡∏ö‡∏´‡∏°‡∏π  ‚≠êÔ∏è‚≠êÔ∏è‚≠êÔ∏è
‡∏Ç‡πâ‡∏≤‡∏á‡∏ô‡∏≠‡∏Å‡∏Å‡∏£‡∏≠‡∏ö ‡∏Ç‡πâ‡∏≤‡∏á‡πÉ‡∏ô‡∏ô‡∏∏‡πà‡∏° ‡∏£‡∏™‡πÄ‡∏õ‡∏£‡∏µ‡πâ‡∏¢‡∏ß‡πÄ‡∏ú‡πá‡∏î‡∏ô‡∏¥‡∏î‡πÜ‡πÅ‡∏ö‡∏ö‡∏•‡∏≤‡∏ö ‡πÅ‡∏ï‡πà‡πÑ‡∏°‡πà‡∏Ñ‡πà‡∏≠‡∏¢‡∏£‡∏π‡πâ‡∏™‡∏∂‡∏Å‡∏ñ‡∏∂‡∏á‡∏´‡∏°‡∏π‡∏™‡∏±‡∏Å‡πÄ‡∏ó‡πà‡∏≤‡πÑ‡∏´‡∏£‡πà

-‡∏ï‡∏≥‡∏Ç‡πâ‡∏≤‡∏ß‡πÇ‡∏û‡∏î ‚≠êÔ∏è‚≠êÔ∏è‚≠êÔ∏è‚≠êÔ∏è
‡∏Ç‡πâ‡∏≤‡∏ß‡πÇ‡∏û‡∏î‡∏î‡∏µ ‡∏°‡∏µ‡∏ú‡∏™‡∏°‡πÅ‡∏Ñ‡∏£‡∏≠‡∏ó‡∏°‡∏≤‡πÉ‡∏´‡πâ‡∏ó‡∏≤‡∏ô‡∏Å‡∏£‡∏∏‡∏ö‡πÜ ‡∏£‡∏™‡∏ä‡∏≤‡∏ï‡∏¥‡∏≠‡∏£‡πà‡∏≠‡∏¢‡∏î‡∏µ ‡πÑ‡∏°‡πà‡∏°‡∏µ‡∏£‡∏™‡πÑ‡∏´‡∏ô‡πÇ‡∏î‡∏î ‡∏ó‡∏≤‡∏ô‡∏Ñ‡∏π‡πà‡∏Ç‡πâ‡∏≤‡∏ß‡πÄ‡∏´‡∏ô‡∏µ‡∏¢‡∏ß‡∏´‡∏£‡∏∑‡∏≠‡∏ß‡πà‡∏≤‡∏Ç‡∏ô‡∏°‡∏à‡∏µ‡∏ô‡∏Å‡πá‡∏ü‡∏¥‡∏ô

-‡∏Ñ‡∏≠‡∏´‡∏°‡∏π‡∏¢‡πà‡∏≤‡∏á ‚≠êÔ∏è‚≠êÔ∏è‚≠êÔ∏è‚≠êÔ∏è
‡πÄ‡∏™‡∏¥‡∏£‡πå‡∏ü‡∏°‡∏≤‡∏û‡∏£‡πâ‡∏≠‡∏°‡∏à‡∏¥‡πâ‡∏°‡πÅ‡∏à‡πà‡∏ß ‡∏™‡πÑ‡∏•‡∏î‡πå‡∏™‡∏ß‡∏¢‡∏°‡∏≤‡πÄ‡∏•‡∏¢‡∏Ñ‡πà‡∏∞ ‡∏°‡∏µ‡∏ï‡∏¥‡∏î‡∏°‡∏±‡∏ô‡∏ô‡∏¥‡∏î‡∏´‡∏ô‡πà‡∏≠‡∏¢ ‡πÄ‡∏ô‡∏∑‡πâ‡∏≠‡πÑ‡∏°‡πà‡∏ô‡∏∏‡πà‡∏°‡πÅ‡∏ï‡πà‡∏Å‡πá‡πÑ‡∏°‡πà‡∏ñ‡∏∂‡∏á‡∏Å‡∏±‡∏ö‡πÄ‡∏´‡∏ô‡∏µ‡∏¢‡∏ß ‡πÄ‡∏ô‡∏∑‡πâ‡∏≠‡∏´‡∏ô‡∏≤‡∏≠‡∏¥‡πà‡∏°‡∏à‡∏∏‡∏Å‡πÜ

‡πÇ‡∏î‡∏¢‡∏£‡∏ß‡∏°‡∏£‡∏™‡∏ä‡∏≤‡∏ï‡∏¥‡∏î‡∏µ ‡∏≠‡∏≤‡∏´‡∏≤‡∏£‡∏£‡∏≤‡∏Ñ‡∏≤‡∏Ñ‡πà‡∏≠‡∏ô‡∏Ç‡πâ‡∏≤‡∏á‡πÅ‡∏£‡∏á‡∏´‡∏ô‡πà‡∏≠‡∏¢ ‡πÅ‡∏ï‡πà‡∏ï‡∏≤‡∏°‡∏Å‡∏≤‡∏£‡∏ï‡∏Å‡πÅ‡∏ï‡πà‡∏á‡πÅ‡∏•‡∏∞‡∏ö‡∏£‡∏£‡∏¢‡∏≤‡∏Å‡∏≤‡∏®‡∏£‡πâ‡∏≤‡∏ô ‡∏°‡∏µvat+ service charge 17%"
17,‡∏£‡∏∞‡∏¢‡∏∞‡πÄ‡∏ß‡∏•‡∏≤‡∏ó‡∏µ‡πà‡πÉ‡∏ä‡πâ‡∏Å‡∏±‡∏ö‡∏™‡∏ñ‡∏≤‡∏ô‡∏ó‡∏µ‡πà‡∏ô‡∏µ‡πâ: 1 - 2 ‡∏ä‡∏±‡πà‡∏ß‡πÇ‡∏°‡∏á,"‡∏à‡∏≤‡∏Å‡∏ï‡∏±‡∏ß‡πÄ‡∏°‡∏∑‡∏≠‡∏á‡πÄ‡∏ä‡∏µ‡∏¢‡∏á‡πÉ‡∏´‡∏°‡πà‡∏°‡∏≤‡πÅ‡∏°‡πà‡∏Å‡∏≥‡∏õ‡∏≠‡∏á ‡∏õ‡∏£‡∏∞‡∏°‡∏≤‡∏ì 53 ‡∏Å‡∏¥‡πÇ‡∏•‡∏Ñ‡∏£‡∏±‡∏ö ‡πÄ‡∏õ‡πá‡∏ô‡∏Ñ‡∏£‡∏±‡πâ‡∏á‡πÅ‡∏£‡∏Å‡∏ó‡∏µ‡πà‡∏Ç‡∏±‡∏ö‡∏Ç‡∏∂‡πâ‡∏ô‡πÄ‡∏≠‡∏á‡∏õ‡∏Å‡∏ï‡∏¥‡∏°‡∏µ‡∏Ñ‡∏ô‡∏Ç‡∏±‡∏ö‡πÉ‡∏´‡πâ ‡∏Æ‡πà‡∏≤‡πÜ ‡∏ó‡∏≤‡∏á‡∏Ñ‡πà‡∏≠‡∏ô‡∏Ç‡πâ‡∏≤‡∏á‡πÅ‡∏Ñ‡∏ö‡πÅ‡∏•‡∏∞‡∏ä‡∏±‡∏ô ‡πÅ‡∏ï‡πà‡∏û‡∏≠‡πÑ‡∏´‡∏ß‡∏ô‡∏∞ ‡πÄ‡∏û‡∏£‡∏≤‡∏∞‡∏Ç‡∏∂‡πâ‡∏ô‡∏´‡∏•‡∏≤‡∏¢‡∏î‡∏≠‡∏¢‡πÅ‡∏•‡πâ‡∏ß ‡πÅ‡∏ï‡πà‡∏õ‡∏£‡∏∞‡∏ó‡∏±‡∏ö‡πÉ‡∏à ‡∏≠‡∏≤‡∏´‡∏≤‡∏£‡∏≠‡∏£‡πà‡∏≠‡∏¢ ‡∏ß‡∏¥‡∏ß‡∏™‡∏ß‡∏¢‡πÜ‡∏°‡∏≤‡∏Å‡∏°‡∏µ ‡πÅ‡∏•‡πâ‡∏ß‡∏ß‡∏±‡∏ô‡∏ô‡∏µ‡πâ‡∏ß‡∏±‡∏ô‡∏®‡∏∏‡∏Å‡∏£‡πå‡∏°‡∏µ‡∏ô‡∏±‡∏Å‡∏ó‡πà‡∏≠‡∏á‡πÄ‡∏ó‡∏µ‡πà‡∏¢‡∏ß‡∏ô‡πâ‡∏≠‡∏¢  ‡∏ñ‡∏ô‡∏ô‡πÇ‡∏•‡πà‡∏á‡πÜ‡∏ñ‡πà‡∏≤‡∏¢‡∏£‡∏π‡∏õ‡∏™‡∏ö‡∏≤‡∏¢‡∏Ñ‡∏£‡∏±‡∏ö ‡πÅ‡∏ï‡πà‡∏ä‡πà‡∏ß‡∏á‡πÄ‡∏¢‡πá‡∏ô‡πÜ ‡∏£‡∏ñ‡πÄ‡∏£‡∏¥‡πà‡∏°‡∏°‡∏≤‡πÄ‡∏¢‡∏≠‡∏∞‡∏Ç‡∏∂‡πâ‡∏ô ‡∏™‡∏á‡∏™‡∏±‡∏¢‡∏à‡∏∞‡∏°‡∏≤‡∏ô‡∏≠‡∏ô‡∏ó‡∏µ‡πà‡πÅ‡∏°‡πà‡∏Å‡∏≥‡∏õ‡∏≠‡∏á‡∏Å‡∏±‡∏ô‡πÅ‡∏´‡∏•‡∏∞ ‡πÄ‡∏û‡∏£‡∏≤‡∏∞‡∏ö‡∏£‡∏£‡∏¢‡∏≤‡∏Å‡∏≤‡∏®‡∏ï‡∏≠‡∏ô‡πÄ‡∏ä‡πâ‡∏≤‡∏ô‡πà‡∏≤‡∏à‡∏∞‡∏î‡∏µ‡∏°‡∏≤‡∏Å‡πÜ‡πÄ‡∏ö‡∏¢ ‡∏£‡∏∞‡∏´‡∏ß‡πà‡∏≤‡∏á‡∏ñ‡πà‡∏≤‡∏¢‡∏£‡∏π‡∏õ‡∏ó‡∏µ‡πà‡∏ñ‡∏ô‡∏ô ‡∏£‡∏∞‡∏ß‡∏±‡∏á‡∏£‡∏ñ‡∏ó‡∏µ‡πà‡∏ß‡∏¥‡πà‡∏á‡πÉ‡∏ä‡πâ‡πÄ‡∏™‡πâ‡∏ô‡∏ó‡∏≤‡∏á‡∏´‡∏ô‡πà‡∏≠‡∏¢‡∏ô‡∏∞‡∏Ñ‡∏£‡∏±‡∏ö ‡πÅ‡∏ï‡πà‡∏ó‡∏∏‡∏Å‡∏≠‡∏¢‡πà‡∏≤‡∏á‡πÄ‡∏õ‡πá‡∏ô‡πÑ‡∏õ‡∏î‡πâ‡∏ß‡∏¢‡∏Ñ‡∏ß‡∏≤‡∏°‡∏£‡∏∞‡∏°‡∏±‡∏î‡∏£‡∏∞‡∏ß‡∏±‡∏á ‡∏°‡∏µ‡πÄ‡∏™‡∏ô‡πà‡∏´‡πå‡∏ô‡πà‡∏≤‡∏°‡∏≤ ‡∏ú‡∏π‡πâ‡∏Ñ‡∏ô‡∏ô‡πà‡∏≤‡∏£‡∏±‡∏Å‡∏Ñ‡∏£‡∏±‡∏ö
‡∏Å‡∏•‡∏≤‡∏á‡∏´‡∏∏‡∏ö‡πÄ‡∏Ç‡∏≤ ‡∏ö‡∏£‡∏£‡∏¢‡∏≤‡∏Å‡∏≤‡∏®‡∏î‡∏µ‡∏à‡∏£‡∏¥‡∏á‡πÜ‡∏ô‡∏∞‡∏à‡πä‡∏∞ ‡∏û‡∏£‡∏∏‡πà‡∏á‡∏ô‡∏µ‡πâ‡∏Ñ‡∏ô‡πÅ‡∏ô‡πà‡∏ô‡∏ñ‡∏ô‡∏ô‡πÅ‡∏ô‡πà‡πÜ 
‡∏ï‡πâ‡∏≠‡∏á‡∏°‡∏≤‡πÜ"
18,"‡∏Å‡∏¥‡∏à‡∏Å‡∏£‡∏£‡∏°‡πÅ‡∏ô‡∏∞‡∏ô‡∏≥: ‡∏ñ‡πà‡∏≤‡∏¢‡∏£‡∏π‡∏õ, ‡∏°‡∏≤‡∏ó‡∏≤‡∏ô‡∏≠‡∏≤‡∏´‡∏≤‡∏£‡∏û‡∏∑‡πâ‡∏ô‡πÄ‡∏°‡∏∑‡∏≠‡∏á ‡∏î‡∏∑‡πà‡∏°‡∏Å‡∏≤‡πÅ‡∏ü‡πÅ‡∏ö‡∏ö‡∏î‡∏∑‡πà‡∏°‡∏î‡∏≥‡∏ò‡∏£‡∏£‡∏°‡∏ä‡∏≤‡∏ï‡∏¥, ‡∏ü‡∏±‡∏á‡πÄ‡∏™‡∏µ‡∏¢‡∏á‡∏•‡∏≥‡∏ò‡∏≤‡∏£, ‡∏ô‡∏≠‡∏ô‡∏Ñ‡πâ‡∏≤‡∏á‡∏Ñ‡∏∑‡∏ô, ‡πÄ‡∏î‡∏¥‡∏ô‡πÄ‡∏•‡πà‡∏ô‡∏£‡∏∞‡∏¢‡∏∞‡πÄ‡∏ß‡∏•‡∏≤‡∏ó‡∏µ‡πà‡πÉ‡∏ä‡πâ‡∏Å‡∏±‡∏ö‡∏™‡∏ñ‡∏≤‡∏ô‡∏ó‡∏µ‡πà‡∏ô‡∏µ‡πâ: ‡∏°‡∏≤‡∏Å‡∏Å‡∏ß‡πà‡∏≤ 1 ‡∏ß‡∏±‡∏ô","‡πÄ‡∏ó‡∏µ‡πà‡∏¢‡∏ß‡πÄ‡∏Ç‡∏≤‡πÉ‡∏´‡∏ç‡πà‡∏£‡∏≠‡∏ö‡∏ô‡∏µ‡πâ‡πÑ‡∏°‡πà‡∏£‡∏π‡πâ‡∏à‡∏∞‡∏ó‡∏≥‡∏≠‡∏∞‡πÑ‡∏£‡πÅ‡∏•‡πâ‡∏ß‡∏ô‡∏≠‡∏Å‡∏û‡∏∑‡πâ‡∏ô‡∏ó‡∏µ‡πà‡∏ó‡∏µ‡πà‡∏û‡∏±‡∏Å ‡πÄ‡∏•‡∏¢‡πÄ‡∏õ‡∏¥‡∏î‡∏´‡∏≤‡∏Ñ‡∏≥‡πÅ‡∏ô‡∏∞‡∏ô‡∏≥‡∏à‡∏≤‡∏Å Google ‡∏™‡∏±‡∏Å‡∏´‡∏ô‡πà‡∏≠‡∏¢‡∏ß‡πà‡∏≤‡∏Ñ‡∏ô‡∏≠‡∏∑‡πà‡∏ô‡πÄ‡∏Ñ‡πâ‡∏≤‡πÑ‡∏õ‡∏ó‡∏≥‡∏≠‡∏∞‡πÑ‡∏£‡∏Å‡∏±‡∏ô‡∏ö‡πâ‡∏≤‡∏á ‡∏à‡∏£‡∏¥‡∏á‡πÜ ‡∏≠‡∏¢‡∏≤‡∏Å‡πÑ‡∏õ‡∏î‡∏π‡∏ó‡∏∏‡πà‡∏á‡∏î‡∏≠‡∏Å‡∏ó‡∏≤‡∏ô‡∏ï‡∏∞‡∏ß‡∏±‡∏ô ‡πÅ‡∏ï‡πà‡∏û‡∏≠‡πÇ‡∏ó‡∏£‡∏ñ‡∏≤‡∏°‡∏ó‡∏≤‡∏á‡∏™‡∏ß‡∏ô‡∏ö‡∏≠‡∏Å‡∏ó‡∏≤‡∏ô‡∏ï‡∏∞‡∏ß‡∏±‡∏ô‡∏¢‡∏±‡∏á‡πÑ‡∏°‡πà‡∏ö‡∏≤‡∏ô ‡∏°‡∏µ‡πÅ‡∏ï‡πà‡∏ó‡∏∏‡πà‡∏á‡∏î‡∏≠‡∏Å‡∏õ‡∏≠‡πÄ‡∏ó‡∏∑‡∏≠‡∏á ‡∏î‡∏≠‡∏Å‡∏™‡∏µ‡πÄ‡∏´‡∏•‡∏∑‡∏≠‡∏á‡πÜ ‡∏Å‡∏¥‡πà‡∏á‡∏¢‡∏≤‡∏ß ‡∏Å‡∏±‡∏ö‡∏Ñ‡∏ß‡∏≤‡∏°‡∏Å‡∏ß‡πâ‡∏≤‡∏á 16 ‡πÑ‡∏£‡πà (‡∏ï‡∏≤‡∏°‡∏ó‡∏µ‡πà‡πÄ‡∏Ñ‡πâ‡∏≤‡∏ö‡∏≠‡∏Å‡∏ô‡∏∞‡∏Ñ‡∏∞) ‡πÄ‡∏™‡∏µ‡∏¢‡∏Ñ‡πà‡∏≤‡πÄ‡∏Ç‡πâ‡∏≤‡∏Ñ‡∏ô‡∏•‡∏∞ 40 ‡∏ö‡∏≤‡∏ó ‡πÄ‡∏û‡∏∑‡πà‡∏≠‡πÑ‡∏õ‡∏ñ‡πà‡∏≤‡∏¢‡∏£‡∏π‡∏õ‡∏™‡∏ß‡∏¢‡πÜ‡∏Å‡∏±‡∏ô 

‡∏ó‡∏≤‡∏á‡πÑ‡∏£‡πà‡∏°‡∏µ‡πÅ‡∏ó‡πà‡∏ô‡πÉ‡∏´‡πâ‡∏õ‡∏µ‡∏ô‡∏Ç‡∏∂‡πâ‡∏ô‡πÑ‡∏õ‡∏ñ‡πà‡∏≤‡∏¢‡∏£‡∏π‡∏õ‡∏Å‡∏±‡∏ô‡πÑ‡∏î‡πâ‡∏ô‡∏∞‡∏Ñ‡∏∞ ‡πÅ‡∏ï‡πà‡∏ñ‡πâ‡∏≤‡∏ú‡∏π‡πâ‡πÉ‡∏´‡∏ç‡πà‡πÑ‡∏õ‡∏≠‡∏≤‡∏à‡∏à‡∏∞‡∏Ç‡∏∂‡πâ‡∏ô‡∏•‡∏≥‡∏ö‡∏≤‡∏Å‡∏ô‡∏¥‡∏î‡∏ô‡∏∂‡∏á ‡πÄ‡∏û‡∏£‡∏≤‡∏∞‡∏ö‡∏±‡∏ô‡∏≥‡∏î‡πÑ‡∏°‡πà‡∏°‡∏µ‡∏£‡∏≤‡∏ß‡∏à‡∏±‡∏ö ‡πÅ‡∏•‡∏∞‡πÄ‡∏õ‡πá‡∏ô‡πÅ‡∏Ñ‡πà‡πÄ‡∏´‡∏•‡πá‡∏Å‡∏≠‡πä‡∏≠‡∏Å‡πÑ‡∏ß‡πâ‡πÄ‡∏â‡∏¢‡πÜ ‡∏£‡∏∞‡∏ß‡∏±‡∏á‡∏Ñ‡∏°‡∏à‡∏≤‡∏Å‡∏°‡∏∏‡∏°‡∏Ç‡∏≠‡∏ö‡πÄ‡∏´‡∏•‡πá‡∏Å‡∏Å‡∏±‡∏ô‡∏î‡πâ‡∏ß‡∏¢‡∏ô‡∏∞‡∏Ñ‡∏∞ 

‡πÅ‡∏•‡πâ‡∏ß‡∏Ç‡∏≠‡πÅ‡∏ô‡∏∞‡∏ô‡∏≥‡πÄ‡∏•‡∏¢‡∏ß‡πà‡∏≤‡∏ñ‡πâ‡∏≤‡πÉ‡∏Ñ‡∏£‡πÑ‡∏õ ‡∏≠‡∏¢‡πà‡∏≤‡πÑ‡∏î‡πâ‡πÉ‡∏™‡πà‡πÄ‡∏™‡∏∑‡πâ‡∏≠‡∏™‡∏µ‡πÄ‡∏´‡∏•‡∏∑‡∏≠‡∏á ‡πÑ‡∏°‡πà‡∏™‡∏µ‡πÄ‡∏Ç‡πâ‡∏° ‡∏Å‡πá‡∏ï‡πâ‡∏≠‡∏á‡∏™‡∏î‡πÅ‡∏ö‡∏ö‡πÅ‡∏î‡∏á ‡πÄ‡∏Ç‡∏µ‡∏¢‡∏ß ‡∏°‡πà‡∏ß‡∏á ‡πÄ‡∏û‡∏∑‡πà‡∏≠‡∏Ñ‡∏ß‡∏≤‡∏°‡πÄ‡∏î‡πà‡∏ô‡∏ä‡∏±‡∏î‡πÅ‡∏•‡∏∞‡∏Ñ‡∏ß‡∏≤‡∏°‡∏™‡∏î‡πÉ‡∏™‡∏Ç‡∏≠‡∏á‡πÄ‡∏£‡∏≤ ... ‡∏ñ‡πâ‡∏≤‡πÉ‡∏™‡πà‡πÄ‡∏´‡∏•‡∏∑‡∏≠‡∏á‡πÑ‡∏õ ‡∏°‡∏µ‡∏Å‡∏•‡∏∑‡∏ô‡∏Å‡∏±‡∏ö‡∏û‡∏∑‡πâ‡∏ô‡∏ó‡∏µ‡πà‡πÅ‡∏ô‡πà‡∏ô‡∏≠‡∏ô‡∏Ñ‡πà‡∏∞ üíôüíö‚ù§Ô∏èüíúüñ§"
19,"‡∏Å‡∏¥‡∏à‡∏Å‡∏£‡∏£‡∏°‡πÅ‡∏ô‡∏∞‡∏ô‡∏≥: ‡∏ñ‡πà‡∏≤‡∏¢‡∏†‡∏≤‡∏û‡∏Å‡∏±‡∏ö‡∏î‡∏≠‡∏Å‡∏ó‡∏≤‡∏ô‡∏ï‡∏∞‡∏ß‡∏±‡∏ô, ‡∏ã‡∏∑‡πâ‡∏≠‡∏Ç‡∏≠‡∏á‡∏ù‡∏≤‡∏Å‡∏£‡∏∞‡∏¢‡∏∞‡πÄ‡∏ß‡∏•‡∏≤‡∏ó‡∏µ‡πà‡πÉ‡∏ä‡πâ‡∏Å‡∏±‡∏ö‡∏™‡∏ñ‡∏≤‡∏ô‡∏ó‡∏µ‡πà‡∏ô‡∏µ‡πâ: 1 - 2 ‡∏ä‡∏±‡πà‡∏ß‡πÇ‡∏°‡∏á","‡πÑ‡∏£‡πà‡∏ä‡∏≤‡∏•‡∏∏‡∏á‡πÄ‡∏î‡∏ä
‡∏ó‡∏≤‡∏á‡∏Ç‡∏∂‡πâ‡∏ô‡∏Ñ‡πà‡∏≠‡∏ô‡∏Ç‡πâ‡∏≤‡∏á‡∏ä‡∏±‡∏ô ‡πÅ‡∏ï‡πà‡∏™‡∏¥‡πà‡∏á‡∏ó‡∏µ‡πà‡πÑ‡∏î‡πâ‡∏£‡∏±‡∏ö‡∏Ñ‡∏∏‡πâ‡∏°‡∏Ñ‡πà‡∏≤‡πÅ‡∏ô‡πà‡∏ô‡∏≠‡∏ô
‡∏û‡∏ô‡∏á ‡∏ö‡∏£‡∏¥‡∏Å‡∏≤‡∏£‡∏î‡∏µ ‡πÄ‡∏õ‡πá‡∏ô‡∏ó‡∏µ‡∏°‡∏õ‡πâ‡∏≤‡πÜ‡∏•‡∏∏‡∏á‡πÜ ‡∏ö‡∏ô‡πÑ‡∏£‡πà‡∏ô‡∏±‡πà‡∏ô‡πÄ‡∏≠‡∏á‡∏Ñ‡∏∞
‡∏ä‡∏≤‡∏£‡πâ‡∏≠‡∏ô ‡πÅ‡∏ô‡∏∞‡∏ô‡∏≥‡πÄ‡∏•‡∏¢‡∏Ñ‡∏∞ ‡∏≠‡∏£‡πà‡∏≠‡∏¢‡∏°‡∏≤‡∏Å ‡∏ã‡∏î‡∏£‡πâ‡∏≠‡∏ô‡πÜ ‡∏Å‡∏≥‡∏•‡∏±‡∏á‡∏î‡∏µ‡πÄ‡∏•‡∏¢‡∏Ñ‡∏∞
‡∏£‡∏≤‡∏Ñ‡∏≤‡πÑ‡∏°‡πà‡πÅ‡∏£‡∏á 40-70 ‡∏ö‡∏≤‡∏ó‡∏Ñ‡∏∞ ‡πÑ‡∏î‡πâ‡πÄ‡∏´‡∏¢‡∏∑‡∏≠‡∏Å‡πÉ‡∏´‡∏ç‡πà‡πÄ‡∏•‡∏¢‡∏ó‡∏µ‡πÄ‡∏î‡∏µ‡∏¢‡∏ß
‡∏ö‡∏£‡∏£‡∏¢‡∏≤‡∏Å‡∏≤‡∏®‡∏Ñ‡πà‡∏≠‡∏¢‡∏Ç‡πâ‡∏≤‡∏á‡∏î‡∏µ ‡∏°‡∏µ‡∏≠‡∏≤‡∏´‡∏≤‡∏£‡πÅ‡∏•‡∏∞‡πÄ‡∏Ñ‡∏£‡∏∑‡πà‡∏≠‡∏á‡∏î‡∏∑‡πà‡∏°‡πÄ‡∏¢‡∏≠‡∏∞"
20,"‡∏Å‡∏¥‡∏à‡∏Å‡∏£‡∏£‡∏°‡πÅ‡∏ô‡∏∞‡∏ô‡∏≥: ‡∏ñ‡πà‡∏≤‡∏¢‡∏£‡∏π‡∏õ, ‡∏ä‡∏≤, ‡∏Å‡∏¥‡∏ô‡∏Ç‡∏ô‡∏°, ‡∏Ç‡∏≠‡∏á‡∏ù‡∏≤‡∏Å, ‡∏Å‡∏¥‡∏ô‡πÄ‡∏Ñ‡πâ‡∏Å‡∏ä‡∏≤‡πÄ‡∏Ç‡∏µ‡∏¢‡∏ß‡∏£‡∏∞‡∏¢‡∏∞‡πÄ‡∏ß‡∏•‡∏≤‡∏ó‡∏µ‡πà‡πÉ‡∏ä‡πâ‡∏Å‡∏±‡∏ö‡∏™‡∏ñ‡∏≤‡∏ô‡∏ó‡∏µ‡πà‡∏ô‡∏µ‡πâ: 1 - 2 ‡∏ä‡∏±‡πà‡∏ß‡πÇ‡∏°‡∏á","#Amazingthailand

‡πÑ‡∏£‡πà‡∏ä‡∏≤‡∏â‡∏∏‡∏¢‡∏ü‡∏á‡πÄ‡∏õ‡πá‡∏ô‡∏™‡∏ñ‡∏≤‡∏ô‡∏ó‡∏µ‡πà‡∏ó‡πà‡∏≠‡∏á‡πÄ‡∏ó‡∏µ‡πà‡∏¢‡∏ß‡∏ä‡∏∑‡πà‡∏≠‡∏î‡∏±‡∏á‡∏Ç‡∏≠‡∏á‡∏à‡∏±‡∏á‡∏´‡∏ß‡∏±‡∏î‡πÄ‡∏ä‡∏µ‡∏¢‡∏á‡∏£‡∏≤‡∏¢ ‡∏Å‡∏≤‡∏£‡πÑ‡∏õ‡πÄ‡∏ó‡∏µ‡πà‡∏¢‡∏ß‡∏ó‡∏≥‡πÉ‡∏´‡πâ‡πÑ‡∏î‡πâ‡∏î‡∏π‡πÑ‡∏£‡πà‡∏ä‡∏≤‡∏Ç‡∏≠‡∏á‡∏à‡∏£‡∏¥‡∏á‡∏ó‡∏µ‡πà‡∏°‡∏µ‡∏Å‡∏≤‡∏£‡∏õ‡∏•‡∏π‡∏Å‡∏ï‡πâ‡∏ô‡∏ä‡∏≤‡πÄ‡∏õ‡πá‡∏ô‡πÅ‡∏ñ‡∏ß‡πÄ‡∏£‡∏µ‡∏¢‡∏á‡∏£‡∏≤‡∏¢‡∏≠‡∏¢‡πà‡∏≤‡∏á‡πÄ‡∏õ‡πá‡∏ô‡∏£‡∏∞‡πÄ‡∏ö‡∏µ‡∏¢‡∏ö ‡∏•‡∏î‡∏´‡∏•‡∏±‡πà‡∏ô‡πÄ‡∏õ‡πá‡∏ô‡∏Ç‡∏±‡πâ‡∏ô‡∏ö‡∏±‡∏ô‡πÑ‡∏î ‡πÄ‡∏Ç‡∏µ‡∏¢‡∏ß‡∏Ç‡∏à‡∏µ‡πÑ‡∏õ‡∏ó‡∏±‡πâ‡∏á‡πÑ‡∏£‡πà ‡πÄ‡∏£‡∏≤‡∏™‡∏≤‡∏°‡∏≤‡∏£‡∏ñ‡∏•‡∏á‡πÑ‡∏õ‡πÄ‡∏î‡∏¥‡∏ô‡∏î‡∏π‡∏ï‡πâ‡∏ô‡∏ä‡∏≤‡πÑ‡∏î‡πâ ‡πÅ‡∏ï‡πà‡∏ï‡πâ‡∏≠‡∏á‡∏£‡∏∞‡∏ß‡∏±‡∏á‡∏≠‡∏¢‡πà‡∏≤‡πÑ‡∏õ‡∏ó‡∏≥‡πÉ‡∏´‡πâ‡∏ï‡πâ‡∏ô‡∏ä‡∏≤‡πÄ‡∏™‡∏µ‡∏¢‡∏´‡∏≤‡∏¢ ‡∏£‡∏∞‡∏´‡∏ß‡πà‡∏≤‡∏á‡∏ñ‡πà‡∏≤‡∏¢‡∏£‡∏π‡∏õ‡πÄ‡∏´‡πá‡∏ô‡∏Ñ‡∏ô‡∏á‡∏≤‡∏ô‡∏Å‡∏≥‡∏•‡∏±‡∏á‡πÄ‡∏Å‡πá‡∏ö‡∏¢‡∏≠‡∏î‡πÉ‡∏ö‡∏ä‡∏≤‡∏Å‡∏±‡∏ô ‡πÄ‡∏î‡∏¥‡∏ô‡πÄ‡∏Å‡πá‡∏ö‡πÄ‡∏£‡∏µ‡∏¢‡∏á‡∏Å‡∏±‡∏ô‡πÄ‡∏õ‡πá‡∏ô‡πÅ‡∏ñ‡∏ß‡πÄ‡∏•‡∏¢ 

‡∏™‡∏¥‡πà‡∏á‡∏™‡∏≥‡∏Ñ‡∏±‡∏ç‡∏ó‡∏µ‡πà‡∏ó‡∏≥‡πÉ‡∏´‡πâ‡∏ô‡∏±‡∏Å‡∏ó‡πà‡∏≠‡∏á‡πÄ‡∏ó‡∏µ‡πà‡∏¢‡∏ß‡∏ô‡∏¥‡∏¢‡∏°‡πÑ‡∏õ‡πÄ‡∏ó‡∏µ‡πà‡∏¢‡∏ß‡πÑ‡∏£‡πà‡∏ä‡∏≤‡πÅ‡∏´‡πà‡∏á‡∏ô‡∏µ‡πâ‡∏Ñ‡∏∑‡∏≠‡∏°‡∏µ‡∏£‡πâ‡∏≤‡∏ô‡∏≠‡∏≤‡∏´‡∏≤‡∏£ ‡∏Ç‡∏≠‡∏á‡∏´‡∏ß‡∏≤‡∏ô ‡πÄ‡∏Ñ‡∏£‡∏∑‡πà‡∏≠‡∏á‡∏î‡∏∑‡πà‡∏° ‡∏Ç‡∏≠‡∏á‡∏ù‡∏≤‡∏Å‡∏ï‡πà‡∏≤‡∏á‡πÜ ‡∏à‡∏≥‡∏´‡∏ô‡πà‡∏≤‡∏¢‡∏î‡πâ‡∏ß‡∏¢ ‡πÄ‡∏£‡∏≤‡πÑ‡∏î‡πâ‡∏ä‡∏¥‡∏°‡∏ä‡∏≤‡πÅ‡∏•‡πâ‡∏ß‡∏ä‡∏≠‡∏ö‡∏°‡∏≤‡∏Å ‡πÇ‡∏î‡∏¢‡πÄ‡∏â‡∏û‡∏≤‡∏∞‡∏ä‡∏≤‡∏´‡∏≠‡∏°‡∏´‡∏°‡∏∑‡πà‡∏ô‡∏•‡∏µ‡πâ ‡πÉ‡∏Ñ‡∏£‡πÑ‡∏õ‡πÄ‡∏ó‡∏µ‡πà‡∏¢‡∏ß‡∏≠‡∏¢‡πà‡∏≤‡∏•‡∏∑‡∏°‡πÑ‡∏õ‡∏ä‡∏¥‡∏°‡∏ä‡∏≤‡∏Å‡∏±‡∏ô‡∏ô‡∏∞"
21,"‡∏Å‡∏¥‡∏à‡∏Å‡∏£‡∏£‡∏°‡πÅ‡∏ô‡∏∞‡∏ô‡∏≥: ‡∏ñ‡πà‡∏≤‡∏¢‡∏£‡∏π‡∏õ, ‡∏Å‡∏¥‡∏ô‡∏Ç‡∏ô‡∏°, ‡∏Ç‡∏≠‡∏á‡∏ù‡∏≤‡∏Å, ‡∏Å‡∏¥‡∏ô‡πÄ‡∏Ñ‡πâ‡∏Å‡∏ä‡∏≤‡πÄ‡∏Ç‡∏µ‡∏¢‡∏ß‡∏£‡∏∞‡∏¢‡∏∞‡πÄ‡∏ß‡∏•‡∏≤‡∏ó‡∏µ‡πà‡πÉ‡∏ä‡πâ‡∏Å‡∏±‡∏ö‡∏™‡∏ñ‡∏≤‡∏ô‡∏ó‡∏µ‡πà‡∏ô‡∏µ‡πâ: 1 - 2 ‡∏ä‡∏±‡πà‡∏ß‡πÇ‡∏°‡∏á","#‡∏ó‡∏∏‡πà‡∏á‡∏ó‡∏≤‡∏ô‡∏ï‡∏∞‡∏ß‡∏±‡∏ô 500 ‡πÑ‡∏£‡πà ‡∏ó‡∏µ‡πà #‡πÑ‡∏£‡πà‡∏°‡∏ì‡∏µ‡∏®‡∏£ ‡πÄ‡∏Ç‡∏≤‡πÉ‡∏´‡∏ç‡πà ‡∏î‡∏≠‡∏Å‡∏ó‡∏≤‡∏ô‡∏ï‡∏∞‡∏ß‡∏±‡∏ô‡∏ö‡∏≤‡∏ô‡πÄ‡∏ï‡πá‡∏°‡∏ó‡∏∏‡πà‡∏á ‡πÄ‡∏´‡∏•‡∏∑‡∏≠‡∏á‡∏≠‡∏£‡πà‡∏≤‡∏° ‡πÉ‡∏ô‡∏û‡∏∑‡πâ‡∏ô‡∏ó‡∏µ‡πà‡∏Å‡∏ß‡πâ‡∏≤‡∏á‡∏Ç‡∏ß‡∏≤‡∏á ‡πÑ‡∏ß‡πâ‡πÉ‡∏´‡πâ‡πÑ‡∏õ‡∏ä‡∏°‡∏Ñ‡∏ß‡∏≤‡∏°‡∏™‡∏ß‡∏¢‡∏á‡∏≤‡∏° ‡πÅ‡∏•‡∏∞‡∏ñ‡πà‡∏≤‡∏¢‡∏£‡∏π‡∏õ‡∏Å‡∏±‡∏ô‡πÅ‡∏ö‡∏ö‡πÑ‡∏°‡πà‡∏à‡∏≥‡∏Å‡∏±‡∏î‡∏à‡∏≥‡∏ô‡∏ß‡∏ô ‡∏Ñ‡πà‡∏≤‡πÄ‡∏Ç‡πâ‡∏≤‡∏ä‡∏° ‡∏Ñ‡∏ô‡∏•‡∏∞ 40 ‡∏ö‡∏≤‡∏ó ‡∏°‡∏µ‡∏û‡∏∑‡πâ‡∏ô‡∏ó‡∏µ‡πà‡∏à‡∏≠‡∏î‡∏£‡∏ñ ‡πÅ‡∏•‡∏∞‡∏¢‡∏±‡∏á‡∏°‡∏µ‡∏£‡πâ‡∏≤‡∏ô‡∏Ç‡∏≠‡∏á‡∏ù‡∏≤‡∏Å‡∏ô‡πà‡∏≤‡∏£‡∏±‡∏Å‡πÜ ‡∏à‡∏≥‡∏´‡∏ô‡πà‡∏≤‡∏¢ ‡πÑ‡∏ß‡πâ‡πÉ‡∏Ñ‡∏£‡πÑ‡∏õ ‡∏°‡∏≤‡∏≠‡∏ß‡∏î‡∏£‡∏π‡∏õ‡∏™‡∏ß‡∏¢‡πÜ ‡∏ä‡∏¥‡∏Ñ‡πÜ ‡∏Å‡∏±‡∏ö‡∏ö‡πâ‡∏≤‡∏á‡∏ô‡∏∞

üìç‡πÑ‡∏£‡πà‡∏°‡∏ì‡∏µ‡∏®‡∏£ ‡πÄ‡∏Ç‡∏≤‡πÉ‡∏´‡∏ç‡πà ‡∏ô‡∏Ñ‡∏£‡∏£‡∏≤‡∏ä‡∏™‡∏µ‡∏°‡∏≤

#‡πÄ‡∏ó‡∏µ‡πà‡∏¢‡∏ß #‡∏î‡∏≠‡∏Å‡∏ó‡∏≤‡∏ô‡∏ï‡∏∞‡∏ß‡∏±‡∏ô #‡πÄ‡∏Ç‡∏≤‡πÉ‡∏´‡∏ç‡πà #KhaoYai #‡∏ô‡∏Ñ‡∏£‡∏£‡∏≤‡∏ä‡∏™‡∏µ‡∏°‡∏≤ #Nakhonratchasima #‡πÑ‡∏õ‡∏Å‡∏±‡∏ö‡∏à‡∏π‡∏ô #FujiXT30"
22,"4.0 71 ‡πÄ‡∏£‡∏ï‡∏ï‡∏¥‡πâ‡∏á (43 ‡∏£‡∏µ‡∏ß‡∏¥‡∏ß)‡∏Å‡∏¥‡∏à‡∏Å‡∏£‡∏£‡∏°‡πÅ‡∏•‡∏∞‡∏Ñ‡∏ß‡∏≤‡∏°‡∏ö‡∏±‡∏ô‡πÄ‡∏ó‡∏¥‡∏á, ‡πÑ‡∏£‡πà/‡∏ü‡∏≤‡∏£‡πå‡∏°/‡∏™‡∏ß‡∏ô‡πÄ‡∏Å‡∏©‡∏ï‡∏£‚Ä¢‡πÑ‡∏°‡πà‡∏°‡∏µ‡∏Ñ‡πà‡∏≤‡πÄ‡∏Ç‡πâ‡∏≤‡∏ä‡∏°‡∏õ‡∏¥‡∏î‡∏≠‡∏¢‡∏π‡πà‡∏à‡∏∞‡πÄ‡∏õ‡∏¥‡∏î‡πÉ‡∏ô‡πÄ‡∏ß‡∏•‡∏≤ 10:00","‡∏Ñ‡πà‡∏≤‡πÄ‡∏Ç‡πâ‡∏≤‡∏Ñ‡∏ô‡∏•‡∏∞ 40‡∏ö‡∏≤‡∏ó ‡∏ã‡∏∂‡πà‡∏á‡πÑ‡∏°‡πà‡πÅ‡∏û‡∏á‡∏à‡∏ô‡πÄ‡∏Å‡∏¥‡∏ô‡πÑ‡∏õ
‡∏ó‡∏≤‡∏á‡πÄ‡∏Ç‡πâ‡∏≤‡∏à‡∏∞‡∏°‡∏µ‡∏Ç‡∏≠‡∏á‡∏Ç‡∏≤‡∏¢‡∏°‡∏≤‡∏Å‡∏°‡∏≤‡∏¢ ‡πÄ‡∏ä‡πà‡∏ô ‡πÄ‡∏°‡∏•‡πá‡∏î‡∏ó‡∏≤‡∏ô‡∏ï‡∏∞‡∏ß‡∏±‡∏ô ‡∏´‡∏°‡∏ß‡∏Å‡∏ï‡∏∞‡∏ß‡∏±‡∏ô‡πÄ‡∏≠‡∏≤‡πÑ‡∏õ‡∏ñ‡πà‡∏≤‡∏¢‡∏£‡∏π‡∏õ(‡∏°‡∏µ‡πÉ‡∏´‡πâ‡πÄ‡∏ä‡πà‡∏≤) ‡∏ô‡πâ‡∏≥‡∏°‡∏∞‡∏û‡∏£‡πâ‡∏≤‡∏ß ‡∏ô‡πâ‡∏≥‡∏≠‡πâ‡∏≠‡∏¢ ‡πÅ‡∏à‡∏Å‡πÉ‡∏´‡πâ‡∏ä‡∏¥‡∏°‡πÄ‡∏ú‡∏∑‡πà‡∏≠‡∏Ç‡∏≤‡∏Å‡∏•‡∏±‡∏ö‡∏à‡∏∞‡πÑ‡∏î‡πâ‡πÅ‡∏ß‡∏∞‡∏ã‡∏∑‡πâ‡∏≠

‡πÑ‡∏£‡πà‡πÉ‡∏´‡∏ç‡πà‡∏°‡∏≤‡∏Å ‡∏™‡∏∏‡∏î‡∏•‡∏π‡∏Å‡∏´‡∏π‡∏•‡∏π‡∏Å‡∏ï‡∏≤
‡∏™‡∏ß‡∏¢‡∏°‡∏≤‡∏Å‡πÜ‡∏Ñ‡πà‡∏∞ ‡πÑ‡∏õ‡∏ï‡∏≠‡∏ô‡∏Å‡∏•‡∏≤‡∏á‡∏ß‡∏±‡∏ô‡∏Ñ‡πà‡∏≠‡∏ô‡∏Ç‡πâ‡∏≤‡∏á‡∏£‡πâ‡∏≠‡∏ô ‡πÅ‡∏ï‡πà‡∏Å‡πá‡πÑ‡∏î‡πâ‡πÅ‡∏î‡∏î‡∏î‡∏µ‡πÜ‡πÑ‡∏ß‡πâ‡∏ñ‡πà‡∏≤‡∏¢‡∏£‡∏π‡∏õ
‡∏°‡∏µ‡∏ó‡∏µ‡πà‡∏õ‡∏µ‡∏ô‡∏Ç‡∏∂‡πâ‡∏ô‡πÑ‡∏õ‡πÄ‡∏û‡∏∑‡πà‡∏≠‡∏ñ‡πà‡∏≤‡∏¢‡∏°‡∏∏‡∏°‡∏™‡∏π‡∏á‡∏î‡πâ‡∏ß‡∏¢‡∏Ñ‡πà‡∏∞

‡∏û‡∏≠‡πÄ‡∏î‡∏¥‡∏ô‡∏ñ‡πà‡∏≤‡∏¢‡∏£‡∏π‡∏õ‡πÄ‡∏™‡∏£‡πá‡∏à‡∏Å‡πá‡∏≠‡∏≠‡∏Å‡∏°‡∏≤‡∏ã‡∏∑‡πâ‡∏≠‡∏ô‡πâ‡∏≥‡∏°‡∏∞‡∏û‡∏£‡πâ‡∏≤‡∏ß‡πÄ‡∏¢‡πá‡∏ô‡πÜ‡∏™‡∏î‡∏ä‡∏∑‡πà‡∏ô‡∏Ñ‡πà‡∏∞"
23,"‡∏Å‡∏¥‡∏à‡∏Å‡∏£‡∏£‡∏°‡πÅ‡∏ô‡∏∞‡∏ô‡∏≥: ‡∏ñ‡πà‡∏≤‡∏¢‡∏£‡∏π‡∏õ, ‡πÄ‡∏î‡∏¥‡∏ô‡πÄ‡∏•‡πà‡∏ô‡∏ä‡∏°‡∏ß‡∏¥‡∏ß, ‡∏ä‡∏°‡∏õ‡∏£‡∏∞‡∏ß‡∏±‡∏ï‡∏¥‡∏®‡∏≤‡∏™‡∏ï‡∏£‡πå‡∏ó‡∏≤‡∏á‡πÇ‡∏ö‡∏£‡∏≤‡∏ì‡∏Ñ‡∏î‡∏µ‡∏£‡∏∞‡∏¢‡∏∞‡πÄ‡∏ß‡∏•‡∏≤‡∏ó‡∏µ‡πà‡πÉ‡∏ä‡πâ‡∏Å‡∏±‡∏ö‡∏™‡∏ñ‡∏≤‡∏ô‡∏ó‡∏µ‡πà‡∏ô‡∏µ‡πâ: 1 - 2 ‡∏ä‡∏±‡πà‡∏ß‡πÇ‡∏°‡∏á",‡πÅ‡∏°‡πà‡∏Å‡∏≥‡∏õ‡∏≠‡∏á‡πÄ‡∏õ‡πá‡∏ô‡∏ä‡∏∏‡∏°‡∏ä‡∏ô‡∏ä‡∏≤‡∏ß‡∏ö‡πâ‡∏≤‡∏ô‡πÄ‡∏•‡πá‡∏Å‡πÜ‡∏ä‡∏∏‡∏°‡∏ä‡∏ô‡∏ô‡∏∂‡∏á ‡∏ó‡∏µ‡πà‡∏≠‡∏¢‡∏π‡πà‡∏ó‡πà‡∏≤‡∏°‡∏Å‡∏•‡∏≤‡∏á‡∏†‡∏π‡πÄ‡∏Ç‡∏≤‡∏ó‡∏≤‡∏á‡πÑ‡∏õ‡πÅ‡∏°‡πà‡∏≠‡∏≠‡∏ô ‡∏£‡∏≤‡∏¢‡∏•‡πâ‡∏≠‡∏°‡∏î‡πâ‡∏ß‡∏¢‡∏õ‡πà‡∏≤‡πÑ‡∏°‡πâ ‡∏ï‡πâ‡∏ô‡πÑ‡∏°‡πâ‡πÉ‡∏´‡∏ç‡πà ‡πÅ‡∏•‡∏∞‡∏•‡∏≥‡∏ò‡∏≤‡∏£ ‡πÄ‡∏õ‡πá‡∏ô‡∏ó‡∏µ‡πà‡∏ó‡∏µ‡πà‡∏°‡∏µ‡∏ä‡∏µ‡∏ß‡∏¥‡∏ï‡∏ä‡∏≤‡∏ß‡∏ö‡πâ‡∏≤‡∏ô‡∏≠‡∏¢‡∏π‡πà‡∏Å‡∏±‡∏ô‡∏à‡∏£‡∏¥‡∏á‡πÜ ‡∏ï‡πà‡∏≤‡∏á‡πÄ‡∏õ‡∏¥‡∏î‡πÄ‡∏õ‡πá‡∏ô‡∏£‡πâ‡∏≤‡∏ô‡∏Ç‡∏≤‡∏¢‡∏Å‡∏≤‡πÅ‡∏ü ‡∏Ç‡∏≠‡∏á‡∏ù‡∏≤‡∏Å ‡∏´‡∏£‡∏∑‡∏≠ homestay ‡∏ó‡∏≥‡πÉ‡∏´‡πâ‡πÄ‡∏õ‡πá‡∏ô‡∏ó‡∏µ‡πà‡∏ó‡πà‡∏≠‡∏á‡πÄ‡∏ó‡∏µ‡πà‡∏¢‡∏ß‡∏ó‡∏µ‡πà‡∏°‡∏µ‡∏Ñ‡∏ß‡∏≤‡∏°‡∏≠‡∏ö‡∏≠‡∏∏‡πà‡∏ô ‡∏ô‡πà‡∏≤‡∏£‡∏±‡∏Å ‡∏£‡πà‡∏°‡∏£‡∏∑‡πà‡∏ô‡∏ñ‡πà‡∏≤‡∏¢‡∏£‡∏π‡∏õ‡∏°‡∏≤‡∏ó‡∏≤‡∏ô‡∏≠‡∏≤‡∏´‡∏≤‡∏£‡∏û‡∏∑‡πâ‡∏ô‡πÄ‡∏°‡∏∑‡∏≠‡∏á ‡∏î‡∏∑‡πà‡∏°‡∏Å‡∏≤‡πÅ‡∏ü‡πÅ‡∏ö‡∏ö‡∏î‡∏∑‡πà‡∏°‡∏î‡∏≥‡∏ò‡∏£‡∏£‡∏°‡∏ä‡∏≤‡∏ï‡∏¥
24,"‡∏Å‡∏¥‡∏à‡∏Å‡∏£‡∏£‡∏°‡πÅ‡∏ô‡∏∞‡∏ô‡∏≥: ‡∏ñ‡πà‡∏≤‡∏¢‡∏£‡∏π‡∏õ, ‡∏®‡∏∂‡∏Å‡∏©‡∏≤‡∏ò‡∏£‡∏£‡∏°‡∏ä‡∏≤‡∏ï‡∏¥‡∏£‡∏∞‡∏¢‡∏∞‡πÄ‡∏ß‡∏•‡∏≤‡∏ó‡∏µ‡πà‡πÉ‡∏ä‡πâ‡∏Å‡∏±‡∏ö‡∏™‡∏ñ‡∏≤‡∏ô‡∏ó‡∏µ‡πà‡∏ô‡∏µ‡πâ: ‡∏Ñ‡∏£‡∏∂‡πà‡∏á‡∏ß‡∏±‡∏ô","‡∏ó‡∏∏‡πà‡∏á‡∏ó‡∏≤‡∏ô‡∏ï‡∏∞‡∏ß‡∏±‡∏ô‡πÑ‡∏£‡πà‡∏°‡∏ì‡∏µ‡∏®‡∏£ ‡πÄ‡∏Ç‡∏≤‡πÉ‡∏´‡∏ç‡πà‡πÄ‡∏õ‡πá‡∏ô‡∏ó‡∏∏‡πà‡∏á‡∏ó‡∏≤‡∏ô‡∏ï‡∏∞‡∏ß‡∏±‡∏ô‡∏ó‡∏µ‡πà‡πÉ‡∏´‡∏ç‡πà‡∏ó‡∏µ‡πà‡∏™‡∏∏‡∏î‡∏ó‡∏µ‡πà‡πÄ‡∏£‡∏≤‡πÄ‡∏Ñ‡∏¢‡πÑ‡∏õ‡πÄ‡∏•‡∏¢ ‡∏Å‡πà‡∏≠‡∏ô‡πÄ‡∏Ç‡πâ‡∏≤‡πÑ‡∏õ‡∏ó‡∏µ‡πà‡∏™‡∏ß‡∏ô‡∏à‡∏∞‡∏°‡∏µ‡πÄ‡∏Å‡πá‡∏¢‡∏Ñ‡πà‡∏≤‡πÄ‡∏Ç‡πâ‡∏≤‡∏Ñ‡∏ô‡∏•‡∏∞‡∏õ‡∏£‡∏∞‡∏°‡∏≤‡∏ì 40 ‡∏ö‡∏≤‡∏ó ‡πÅ‡∏•‡πâ‡∏ß‡∏£‡∏∞‡∏´‡∏ß‡πà‡∏≤‡∏á‡∏ó‡∏≤‡∏ô‡πÄ‡∏î‡∏¥‡∏ô‡πÑ‡∏õ‡∏à‡∏∞‡πÄ‡∏à‡∏≠‡∏ï‡∏•‡∏≤‡∏î‡∏ã‡∏∂‡πà‡∏á‡∏ï‡∏£‡∏á‡∏ô‡∏±‡πâ‡∏ô‡∏à‡∏∞‡∏Ç‡∏≤‡∏¢‡∏Ç‡∏≠‡∏á‡∏ó‡∏µ‡πà‡∏£‡∏∞‡∏•‡∏∂‡∏Å‡∏´‡∏£‡∏∑‡∏≠‡∏û‡∏£‡πá‡∏≠‡∏û‡∏ó‡∏µ‡πà‡∏£‡∏≤‡∏Ñ‡∏≤‡∏ô‡πà‡∏≤‡∏£‡∏±‡∏Å‡∏°‡∏≤‡∏Å

‡∏™‡∏≥‡∏´‡∏£‡∏±‡∏ö‡∏ó‡∏∏‡πà‡∏á‡∏ó‡∏≤‡∏ô‡∏ï‡∏∞‡∏ß‡∏±‡∏ô‡πÑ‡∏£‡πà‡∏°‡∏ì‡∏µ‡∏®‡∏£ ‡πÄ‡∏î‡∏¥‡∏ô‡πÑ‡∏õ‡∏ó‡∏≤‡∏á‡πÑ‡∏´‡∏ô‡∏Å‡πá‡πÄ‡∏à‡∏≠‡πÅ‡∏ï‡πà‡∏ï‡πâ‡∏ô‡∏ó‡∏≤‡∏ô‡∏ï‡∏∞‡∏ß‡∏±‡∏ô ‡πÅ‡∏•‡πâ‡∏ß‡∏¢‡∏¥‡πà‡∏á‡∏Ç‡∏∂‡πâ‡∏ô‡πÄ‡∏ô‡∏¥‡∏ô‡πÑ‡∏õ‡∏ñ‡πà‡∏≤‡∏¢‡∏¢‡∏¥‡πà‡∏á‡∏™‡∏ß‡∏¢ ‡∏™‡∏≥‡∏´‡∏£‡∏±‡∏ö‡πÉ‡∏Ñ‡∏£‡∏™‡∏≤‡∏¢‡∏ñ‡πà‡∏≤‡∏¢‡∏£‡∏π‡∏õ‡∏ï‡πâ‡∏≠‡∏á‡∏ä‡∏≠‡∏ö ‡πÅ‡∏ô‡∏∞‡∏ô‡∏≥‡∏ß‡πà‡∏≤‡πÉ‡∏Ñ‡∏£‡∏≠‡∏¢‡∏≤‡∏Å‡πÑ‡∏õ‡πÉ‡∏´‡πâ‡πÄ‡∏ä‡πá‡∏Ñ‡∏ó‡∏µ‡πà page facebook ‡∏Å‡πà‡∏≠‡∏ô‡πÄ‡∏û‡∏£‡∏≤‡∏∞‡∏à‡∏∞‡∏°‡∏µ‡∏ä‡πà‡∏ß‡∏á‡∏ó‡∏µ‡πà‡πÄ‡∏õ‡∏¥‡∏î‡πÅ‡∏•‡∏∞‡∏õ‡∏¥‡∏î‡∏≠‡∏¢‡∏π‡πà

#lmwn"
25,4.3 177 ‡πÄ‡∏£‡∏ï‡∏ï‡∏¥‡πâ‡∏á (148 ‡∏£‡∏µ‡∏ß‡∏¥‡∏ß)‡∏≠‡∏∏‡∏ó‡∏¢‡∏≤‡∏ô‡πÅ‡∏•‡∏∞‡∏ò‡∏£‡∏£‡∏°‡∏ä‡∏≤‡∏ï‡∏¥‚Ä¢‡∏Ñ‡πà‡∏≤‡πÄ‡∏Ç‡πâ‡∏≤‡∏ä‡∏°: ‡∏ø 40/‡∏Ñ‡∏ô‡∏õ‡∏¥‡∏î‡∏≠‡∏¢‡∏π‡πà‡∏à‡∏∞‡πÄ‡∏õ‡∏¥‡∏î‡πÉ‡∏ô‡πÄ‡∏ß‡∏•‡∏≤ 08:30,"#Wongnaisongkran2023

4.5 ‡∏î‡∏≤‡∏ß

‡∏ß‡∏ô‡∏≠‡∏∏‡∏ó‡∏¢‡∏≤‡∏ô‡∏õ‡∏£‡∏≤‡∏ì‡∏ö‡∏∏‡∏£‡∏µ‡∏ï‡∏±‡πâ‡∏á‡∏≠‡∏¢‡∏π‡πà‡∏ö‡∏£‡∏¥‡πÄ‡∏ß‡∏ì‡∏õ‡∏≤‡∏Å‡∏ô‡πâ‡∏≥‡∏õ‡∏£‡∏≤‡∏ì ‡∏à.‡∏õ‡∏£‡∏∞‡∏à‡∏ß‡∏ö‡∏Ñ‡∏µ‡∏£‡∏µ‡∏Ç‡∏±‡∏ô‡∏ò‡πå ‡πÄ‡∏õ‡πá‡∏ô‡πÇ‡∏Ñ‡∏£‡∏á‡∏Å‡∏≤‡∏£‡∏û‡∏±‡∏í‡∏ô‡∏≤‡∏õ‡πà‡∏≤‡πÑ‡∏°‡πâ‡∏õ‡∏£‡∏≤‡∏ì‡∏ö‡∏∏‡∏£‡∏µ‡∏≠‡∏±‡∏ô‡πÄ‡∏ô‡∏∑‡πà‡∏≠‡∏á‡∏°‡∏≤‡∏à‡∏≤‡∏Å‡∏û‡∏£‡∏∞‡∏£‡∏≤‡∏ä‡∏î‡∏≥‡∏£‡∏¥‡∏ó‡∏µ‡πà‡∏°‡∏µ‡∏™‡∏∞‡∏û‡∏≤‡∏ô‡∏ó‡∏≤‡∏á‡πÄ‡∏î‡∏¥‡∏ô‡∏®‡∏∂‡∏Å‡∏©‡∏≤‡∏ò‡∏£‡∏£‡∏°‡∏ä‡∏≤‡∏ï‡∏¥‡∏õ‡πà‡∏≤‡∏ä‡∏≤‡∏¢‡πÄ‡∏•‡∏ô ‡∏û‡∏£‡πâ‡∏≠‡∏°‡∏î‡πâ‡∏ß‡∏¢‡∏õ‡πâ‡∏≤‡∏¢‡∏™‡∏∑‡πà‡∏≠‡∏Ñ‡∏ß‡∏≤‡∏°‡∏´‡∏°‡∏≤‡∏¢‡∏ï‡πà‡∏≤‡∏á‡πÜ ‡∏ó‡∏µ‡πà‡∏Ñ‡∏≠‡∏¢‡πÉ‡∏´‡πâ‡∏Ñ‡∏≥‡∏≠‡∏ò‡∏¥‡∏ö‡∏≤‡∏¢‡∏ï‡∏≤‡∏°‡πÄ‡∏™‡πâ‡∏ô‡∏ó‡∏≤‡∏á ‡πÑ‡∏°‡πà‡πÄ‡∏Å‡πá‡∏ö‡∏Ñ‡πà‡∏≤‡πÄ‡∏Ç‡πâ‡∏≤‡∏ä‡∏°‡∏î‡πâ‡∏ß‡∏¢ 

‡πÄ‡∏™‡πâ‡∏ô‡∏ó‡∏≤‡∏á‡πÄ‡∏î‡∏¥‡∏ô‡πÄ‡∏õ‡πá‡∏ô‡∏™‡∏∞‡∏û‡∏≤‡∏ô‡πÑ‡∏°‡πâ‡∏¢‡∏≤‡∏ß‡∏õ‡∏£‡∏∞‡∏°‡∏≤‡∏ì 1 ‡∏Å‡∏¥‡πÇ‡∏•‡πÄ‡∏°‡∏ï‡∏£ ‡∏ñ‡πâ‡∏≤‡∏à‡∏∞‡πÄ‡∏î‡∏¥‡∏ô‡πÉ‡∏´‡πâ‡∏Ñ‡∏£‡∏ö‡∏£‡∏≠‡∏ö‡∏Å‡πá‡∏à‡∏∞‡πÉ‡∏ä‡πâ‡πÄ‡∏ß‡∏•‡∏≤‡∏õ‡∏£‡∏∞‡∏°‡∏≤‡∏ì‡∏Ñ‡∏£‡∏∂‡πà‡∏á‡∏ä‡∏±‡πà‡∏ß‡πÇ‡∏°‡∏á ‡πÑ‡∏õ‡∏ä‡πà‡∏ß‡∏á‡πÄ‡∏ä‡πâ‡∏≤‡πÜ ‡∏´‡∏£‡∏∑‡∏≠‡πÄ‡∏¢‡πá‡∏ô‡πÜ ‡∏ó‡∏µ‡πà‡πÅ‡∏î‡∏î‡πÑ‡∏°‡πà‡∏£‡πâ‡∏≠‡∏ô‡∏à‡∏∞‡∏î‡∏µ‡∏Å‡∏ß‡πà‡∏≤ ‡∏£‡∏∞‡∏´‡∏ß‡πà‡∏≤‡∏á‡∏ó‡∏≤‡∏á‡πÄ‡∏£‡∏≤‡∏à‡∏∞‡πÄ‡∏´‡πá‡∏ô‡∏õ‡πà‡∏≤‡∏≠‡∏∏‡∏î‡∏°‡∏™‡∏°‡∏ö‡∏π‡∏£‡∏ì‡πå‡∏ó‡∏µ‡πà‡∏°‡∏µ‡∏ï‡πâ‡∏ô‡πÑ‡∏°‡πâ‡πÅ‡∏ô‡πà‡∏ô‡∏Ç‡∏ô‡∏±‡∏î ‡∏°‡∏µ‡∏õ‡∏π‡∏°‡∏µ‡∏´‡∏≠‡∏¢‡∏≠‡∏≤‡∏®‡∏±‡∏¢‡∏≠‡∏¢‡∏π‡πà ‡∏°‡∏µ‡∏õ‡πâ‡∏≤‡∏¢‡∏ö‡∏≠‡∏Å‡∏ä‡∏∑‡πà‡∏≠‡∏ï‡πâ‡∏ô‡πÑ‡∏°‡πâ‡πÅ‡∏•‡∏∞‡∏™‡∏±‡∏ï‡∏ß‡πå‡∏ï‡πà‡∏≤‡∏á‡πÜ ‡πÄ‡∏´‡∏°‡∏≤‡∏∞‡∏™‡∏≥‡∏´‡∏£‡∏±‡∏ö‡∏û‡∏≤‡πÄ‡∏î‡πá‡∏Å‡πÜ ‡πÑ‡∏õ‡πÄ‡∏î‡∏¥‡∏ô‡πÄ‡∏ó‡∏µ‡πà‡∏¢‡∏ß‡πÄ‡∏´‡∏°‡∏∑‡∏≠‡∏ô‡πÄ‡∏õ‡πá‡∏ô‡∏´‡πâ‡∏≠‡∏á‡πÄ‡∏£‡∏µ‡∏¢‡∏ô‡∏ó‡∏≤‡∏á‡∏ò‡∏£‡∏£‡∏°‡∏ä‡∏≤‡∏ï‡∏¥ ‡∏≠‡∏≤‡∏Å‡∏≤‡∏®‡∏î‡∏µ‡∏°‡∏≤‡∏Å‡πÜ ‡∏£‡∏∞‡∏´‡∏ß‡πà‡∏≤‡∏á‡∏ó‡∏≤‡∏á‡πÑ‡∏î‡πâ‡∏£‡πà‡∏°‡πÄ‡∏á‡∏≤‡πÑ‡∏°‡πâ‡∏ä‡πà‡∏ß‡∏¢‡∏Å‡∏±‡∏ô‡πÅ‡∏î‡∏î

‡∏î‡πâ‡∏≤‡∏ô‡πÉ‡∏ô‡∏°‡∏µ‡∏ó‡∏∏‡πà‡∏á‡πÇ‡∏õ‡∏£‡∏á‡∏ó‡∏≠‡∏á‡∏ó‡∏µ‡πà‡∏™‡∏ß‡∏¢‡∏á‡∏≤‡∏°‡∏≠‡∏•‡∏±‡∏á‡∏Å‡∏≤‡∏£‡∏™‡∏∏‡∏î‡∏•‡∏π‡∏Å‡∏´‡∏π‡∏•‡∏π‡∏Å‡∏ï‡∏≤ ‡πÉ‡∏ö‡πÇ‡∏õ‡∏£‡∏á‡∏°‡∏µ‡∏™‡∏µ‡πÄ‡∏Ç‡∏µ‡∏¢‡∏ß‡∏≠‡∏°‡πÄ‡∏´‡∏•‡∏∑‡∏≠‡∏á (Yellowish Green) ‡πÄ‡∏£‡∏≤‡∏™‡∏≤‡∏°‡∏≤‡∏£‡∏ñ‡∏Ç‡∏∂‡πâ‡∏ô‡πÑ‡∏õ‡∏¢‡∏±‡∏á‡∏´‡∏≠‡∏ä‡∏°‡∏ß‡∏¥‡∏ß‡∏ó‡∏µ‡πà‡∏ä‡πà‡∏ß‡∏¢‡πÉ‡∏´‡πâ‡πÄ‡∏´‡πá‡∏ô‡∏ß‡∏¥‡∏ß‡∏à‡∏≤‡∏Å‡∏ó‡∏µ‡πà‡∏™‡∏π‡∏á‡πÑ‡∏î‡πâ‡∏≠‡∏¢‡πà‡∏≤‡∏á‡πÄ‡∏ï‡πá‡∏°‡∏ï‡∏≤ ‡πÅ‡∏ï‡πà‡∏ï‡∏≠‡∏ô‡∏ó‡∏µ‡πà‡πÄ‡∏£‡∏≤‡πÑ‡∏õ‡πÄ‡∏à‡∏≠‡∏Å‡∏•‡∏∏‡πà‡∏°‡∏ô‡∏±‡∏Å‡∏ó‡πà‡∏≠‡∏á‡πÄ‡∏ó‡∏µ‡πà‡∏¢‡∏ß‡∏Å‡∏•‡∏∏‡πà‡∏°‡πÉ‡∏´‡∏ç‡πà‡∏™‡πà‡∏á‡πÄ‡∏™‡∏µ‡∏¢‡∏á‡∏î‡∏±‡∏á‡∏ñ‡πà‡∏≤‡∏¢‡∏£‡∏π‡∏õ‡∏ñ‡πà‡∏≤‡∏¢‡∏Ñ‡∏•‡∏¥‡∏õ‡πÄ‡∏ï‡πâ‡∏ô‡∏≠‡∏¢‡∏π‡πà‡∏ö‡∏ô‡∏´‡∏≠‡∏ä‡∏°‡∏ß‡∏¥‡∏ß‡∏Å‡∏±‡∏ô ‡∏ñ‡πâ‡∏≤‡πÉ‡∏Ñ‡∏£‡πÑ‡∏õ‡πÄ‡∏ó‡∏µ‡πà‡∏¢‡∏ß‡∏Å‡πá‡∏ä‡πà‡∏ß‡∏¢‡∏Å‡∏±‡∏ô‡∏£‡∏±‡∏Å‡∏©‡∏≤‡∏Ñ‡∏ß‡∏≤‡∏°‡∏™‡∏á‡∏ö‡∏´‡∏ô‡πà‡∏≠‡∏¢"
26,"‡∏Å‡∏¥‡∏à‡∏Å‡∏£‡∏£‡∏°‡πÅ‡∏ô‡∏∞‡∏ô‡∏≥: ‡∏ñ‡πà‡∏≤‡∏¢‡∏£‡∏π‡∏õ, ‡∏ä‡∏°‡∏î‡∏≠‡∏Å‡πÑ‡∏°‡πâ ‡∏Å‡∏•‡πâ‡∏ß‡∏¢‡πÑ‡∏°‡πâ‡∏£‡∏∞‡∏¢‡∏∞‡πÄ‡∏ß‡∏•‡∏≤‡∏ó‡∏µ‡πà‡πÉ‡∏ä‡πâ‡∏Å‡∏±‡∏ö‡∏™‡∏ñ‡∏≤‡∏ô‡∏ó‡∏µ‡πà‡∏ô‡∏µ‡πâ: 1 - 2 ‡∏ä‡∏±‡πà‡∏ß‡πÇ‡∏°‡∏á","#Wongnaisongkran2023

‡∏™‡∏ß‡∏ô‡πÅ‡∏°‡πà‡∏ü‡πâ‡∏≤‡∏´‡∏•‡∏ß‡∏á, ‡∏Å‡πà‡∏≠‡∏ô‡πÄ‡∏Ç‡πâ‡∏≤‡∏™‡∏ß‡∏ô‡∏ï‡πâ‡∏≠‡∏á‡∏ã‡∏∑‡πâ‡∏≠‡∏ö‡∏±‡∏ï‡∏£‡∏Å‡πà‡∏≠‡∏ô ‡πÅ‡∏•‡πâ‡∏ß‡∏Ñ‡πà‡∏≠‡∏¢‡πÄ‡∏î‡∏¥‡∏ô‡∏•‡∏á‡∏ö‡∏±‡∏ô‡πÑ‡∏î‡πÑ‡∏õ‡∏Ç‡πâ‡∏≤‡∏á‡∏•‡πà‡∏≤‡∏á ‡∏ï‡∏±‡∏ß‡∏™‡∏ß‡∏ô‡∏Ñ‡πà‡∏≠‡∏ô‡∏Ç‡πâ‡∏≤‡∏á‡πÉ‡∏´‡∏ç‡πà‡∏≠‡∏¢‡∏π‡πà‡∏û‡∏≠‡∏™‡∏°‡∏Ñ‡∏ß‡∏£ ‡∏†‡∏≤‡∏¢‡πÉ‡∏ô‡∏™‡∏ß‡∏ô‡∏°‡∏µ‡∏°‡∏∏‡∏°‡πÉ‡∏´‡πâ‡∏ñ‡πà‡∏≤‡∏¢‡∏£‡∏π‡∏õ‡πÄ‡∏•‡πà‡∏ô‡∏≠‡∏¢‡∏π‡πà‡∏´‡∏•‡∏≤‡∏¢‡∏°‡∏∏‡∏° ‡∏ô‡∏≠‡∏Å‡∏à‡∏≤‡∏Å‡∏ô‡∏µ‡πâ‡∏†‡∏≤‡∏¢‡πÉ‡∏ô‡∏ï‡∏±‡∏ß‡∏™‡πà‡∏ß‡∏ô‡∏Å‡πá‡∏¢‡∏±‡∏á‡∏°‡∏µ‡∏û‡∏ß‡∏Å‡∏£‡πâ‡∏≤‡∏ô‡∏Ç‡∏≤‡∏¢‡πÄ‡∏Ñ‡∏£‡∏∑‡πà‡∏≠‡∏á‡∏î‡∏∑‡πà‡∏°‡πÑ‡∏ß‡πâ‡∏ö‡∏£‡∏¥‡∏Å‡∏≤‡∏£‡∏î‡πâ‡∏ß‡∏¢ ‡∏Å‡πá‡πÄ‡∏õ‡πá‡∏ô‡∏™‡∏ñ‡∏≤‡∏ô‡∏ó‡∏µ‡πà‡πÅ‡∏´‡πà‡∏á‡∏´‡∏ô‡∏∂‡πà‡∏á‡∏ó‡∏µ‡πà‡πÑ‡∏°‡πà‡∏Ñ‡∏ß‡∏£‡∏û‡∏•‡∏≤‡∏î ‡πÅ‡∏ï‡πà‡∏Å‡πá‡∏ï‡πâ‡∏≠‡∏á‡∏¢‡∏≠‡∏°‡∏£‡∏±‡∏ö‡∏ß‡πà‡∏≤‡πÅ‡∏î‡∏î‡∏£‡πâ‡∏≠‡∏ô‡∏à‡∏£‡∏¥‡∏á‡πÜ‡πÄ‡∏û‡∏£‡∏≤‡∏∞ ‡∏™‡∏ñ‡∏≤‡∏ô‡∏ó‡∏µ‡πà‡∏™‡πà‡∏ß‡∏ô‡πÉ‡∏´‡∏ç‡πà‡πÄ‡∏õ‡πá‡∏ô‡πÅ‡∏ö‡∏ö‡πÄ‡∏õ‡∏¥‡∏î‡πÇ‡∏•‡πà‡∏á ‡∏ñ‡πâ‡∏≤‡∏°‡∏≤‡∏ä‡πà‡∏ß‡∏á‡∏´‡∏ô‡πâ‡∏≤‡∏´‡∏ô‡∏≤‡∏ß‡∏à‡∏∞‡∏™‡∏ö‡∏≤‡∏¢‡πÜ‡πÄ‡∏•‡∏¢"
27,"‡∏Å‡∏¥‡∏à‡∏Å‡∏£‡∏£‡∏°‡πÅ‡∏ô‡∏∞‡∏ô‡∏≥: ‡∏ñ‡πà‡∏≤‡∏¢‡∏£‡∏π‡∏õ, ‡∏ä‡∏°‡∏î‡∏≠‡∏Å‡πÑ‡∏°‡πâ ‡∏Å‡∏•‡πâ‡∏ß‡∏¢‡πÑ‡∏°‡πâ, ‡∏û‡∏±‡∏Å‡∏ú‡πà‡∏≠‡∏ô‡∏à‡∏¥‡∏ö‡∏Å‡∏≤‡πÅ‡∏ü‡πÉ‡∏ô‡∏™‡∏ß‡∏ô, Tree Top Walk‡∏£‡∏∞‡∏¢‡∏∞‡πÄ‡∏ß‡∏•‡∏≤‡∏ó‡∏µ‡πà‡πÉ‡∏ä‡πâ‡∏Å‡∏±‡∏ö‡∏™‡∏ñ‡∏≤‡∏ô‡∏ó‡∏µ‡πà‡∏ô‡∏µ‡πâ: 1 - 2 ‡∏ä‡∏±‡πà‡∏ß‡πÇ‡∏°‡∏á","‡πÑ‡∏î‡πâ‡∏¢‡∏¥‡∏ô‡∏ä‡∏∑‡πà‡∏≠‡πÄ‡∏™‡∏µ‡∏¢‡∏á‡∏Ç‡∏≠‡∏á‡∏ß‡∏ô‡∏≠‡∏∏‡∏ó‡∏¢‡∏≤‡∏ô‡∏õ‡∏£‡∏≤‡∏ì‡∏ö‡∏∏‡∏£‡∏µ‡∏°‡∏≤‡∏ô‡∏≤‡∏ô ‡πÅ‡∏ï‡πà‡πÑ‡∏°‡πà‡πÑ‡∏î‡πâ‡∏°‡∏≤‡∏™‡∏±‡∏Å‡∏Ñ‡∏£‡∏±‡πâ‡∏á ‡πÅ‡∏ï‡πà‡∏û‡∏≠‡∏°‡∏≤‡πÅ‡∏•‡πâ‡∏ß‡∏£‡∏π‡πâ‡∏™‡∏∂‡∏Å‡∏ä‡∏≠‡∏ö‡πÅ‡∏•‡∏∞‡∏ï‡∏¥‡∏î‡πÉ‡∏à‡∏°‡∏≤‡∏Å‡πÜ

‡∏ß‡∏ô‡∏≠‡∏∏‡∏ó‡∏¢‡∏≤‡∏ô‡∏õ‡∏£‡∏≤‡∏ì‡∏ö‡∏∏‡∏£‡∏µ‡∏≠‡∏¢‡∏π‡πà‡∏≠.‡∏õ‡∏£‡∏≤‡∏ì‡∏ö‡∏∏‡∏£‡∏µ ‡∏à.‡∏õ‡∏£‡∏∞‡∏à‡∏ß‡∏ö‡∏Ñ‡∏µ‡∏£‡∏µ‡∏Ç‡∏±‡∏ô‡∏ò‡πå ‡πÇ‡∏î‡∏¢‡πÄ‡∏õ‡πá‡∏ô‡∏û‡∏∑‡πâ‡∏ô‡∏ó‡∏µ‡πà‡∏Ñ‡∏∏‡πâ‡∏°‡∏Ñ‡∏£‡∏≠‡∏á‡πÅ‡∏•‡∏∞‡∏°‡∏µ‡πÄ‡∏à‡πâ‡∏≤‡∏´‡∏ô‡πâ‡∏≤‡∏ó‡∏µ‡πà‡∏ó‡∏´‡∏≤‡∏£‡∏Ñ‡∏≠‡∏¢‡∏î‡∏π‡πÅ‡∏• ‡∏™‡∏≤‡∏°‡∏≤‡∏£‡∏ñ‡πÄ‡∏Ç‡πâ‡∏≤‡∏ä‡∏°‡∏ü‡∏£‡∏µ‡πÑ‡∏°‡πà‡∏°‡∏µ‡∏Ñ‡πà‡∏≤‡πÉ‡∏ä‡πâ‡∏à‡πà‡∏≤‡∏¢ ‡πÅ‡∏ô‡∏∞‡∏ô‡∏≥‡πÉ‡∏´‡πâ‡∏Ç‡∏±‡∏ö‡∏£‡∏ñ‡πÄ‡∏Ç‡πâ‡∏≤‡∏°‡∏≤‡∏°‡∏µ‡∏ó‡∏µ‡πà‡∏à‡∏≠‡∏î‡∏£‡∏ñ‡∏°‡∏≤‡∏Å‡πÄ‡∏û‡∏µ‡∏¢‡∏á‡∏û‡∏≠ ‡πÅ‡∏•‡∏∞‡∏´‡πâ‡∏≠‡∏á‡∏ô‡πâ‡∏≥‡∏Å‡πá‡∏™‡∏∞‡∏≠‡∏≤‡∏î

‡∏´‡∏•‡∏±‡∏Å‡πÜ‡∏Ç‡∏≠‡∏á‡∏Å‡∏≤‡∏£‡∏°‡∏≤ ‡∏Ç‡∏≠‡πÅ‡∏ô‡∏∞‡∏ô‡∏≥‡πÉ‡∏´‡πâ‡πÄ‡∏î‡∏¥‡∏ô‡πÄ‡∏™‡πâ‡∏ô‡∏ó‡∏≤‡∏á‡∏ò‡∏£‡∏£‡∏°‡∏ä‡∏≤‡∏ï‡∏¥‡∏°‡∏µ‡∏£‡∏∞‡∏¢‡∏∞‡∏ó‡∏≤‡∏á 1 ‡∏Å‡∏°. ‡πÇ‡∏î‡∏¢‡πÉ‡∏´‡πâ‡πÄ‡∏î‡∏¥‡∏ô‡∏ï‡∏≤‡∏°‡∏ó‡∏≤‡∏á‡∏à‡∏∞‡∏Å‡∏•‡∏±‡∏ö‡∏°‡∏≤‡∏¢‡∏±‡∏á‡∏à‡∏∏‡∏î‡πÄ‡∏î‡∏¥‡∏°‡πÄ‡∏õ‡πá‡∏ô‡∏ß‡∏á‡∏Å‡∏•‡∏° ‡∏ã‡∏∂‡πà‡∏á‡∏ï‡∏•‡∏≠‡∏î‡∏ó‡∏≤‡∏á‡∏à‡∏∞‡πÑ‡∏î‡πâ‡∏£‡∏±‡∏ö‡∏ä‡∏°‡∏≤‡∏õ‡πà‡∏≤‡πÇ‡∏Å‡∏á‡∏Å‡∏≤‡∏á ‡∏õ‡∏π‡∏´‡∏•‡∏≤‡∏Å‡∏´‡∏•‡∏≤‡∏¢‡∏ä‡∏ô‡∏¥‡∏î ‡∏ï‡πâ‡∏ô‡πÑ‡∏°‡πâ‡πÅ‡∏õ‡∏•‡∏Å‡πÜ ‡πÇ‡∏î‡∏¢‡∏£‡∏∞‡∏´‡∏ß‡πà‡∏≤‡∏á‡∏ó‡∏≤‡∏á ‡∏¢‡∏±‡∏á‡∏°‡∏µ‡∏ö‡∏£‡∏¥‡∏Å‡∏≤‡∏£‡∏•‡πà‡∏≠‡∏á‡πÄ‡∏£‡∏∑‡∏≠‡∏ï‡∏≤‡∏°‡∏Ñ‡∏ß‡∏≤‡∏°‡∏™‡∏°‡∏±‡∏Ñ‡∏£‡πÉ‡∏à‡∏î‡πâ‡∏ß‡∏¢ ‡πÅ‡∏•‡∏∞‡∏°‡∏µ‡∏™‡πà‡∏ß‡∏ô‡∏ó‡∏µ‡πà‡πÄ‡∏õ‡πá‡∏ô‡∏´‡∏≠‡∏ä‡∏°‡∏ß‡∏¥‡∏ß‡∏Ç‡∏∂‡πâ‡∏ô‡πÑ‡∏õ‡∏ñ‡πà‡∏≤‡∏¢‡∏£‡∏π‡∏õ‡πÑ‡∏î‡πâ‡∏≠‡∏µ‡∏Å‡∏î‡πâ‡∏ß‡∏¢ ‡∏ñ‡∏∑‡∏≠‡∏ß‡πà‡∏≤‡∏Å‡∏≤‡∏£‡∏°‡∏≤‡∏®‡∏∂‡∏Å‡∏©‡∏≤‡∏ò‡∏£‡∏£‡∏°‡∏ä‡∏≤‡∏ï‡∏¥ ‡∏û‡∏±‡∏Å‡∏ú‡πà‡∏≠‡∏ô ‡πÅ‡∏•‡∏∞‡∏ñ‡πà‡∏≤‡∏¢‡∏£‡∏π‡∏õ‡∏ß‡∏¥‡∏ß‡∏™‡∏ß‡∏¢‡πÜ‡∏°‡∏≤‡∏Å‡∏°‡∏≤‡∏¢

‡πÇ‡∏î‡∏¢‡∏£‡∏ß‡∏°‡πÅ‡∏•‡πâ‡∏ß‡∏ä‡∏≠‡∏ö‡∏°‡∏≤‡∏Å‡πÅ‡∏•‡∏∞‡∏à‡∏∞‡∏´‡∏≤‡πÇ‡∏≠‡∏Å‡∏≤‡∏™‡∏°‡∏≤‡∏≠‡∏µ‡∏Å‡∏≠‡∏¢‡πà‡∏≤‡∏á‡πÅ‡∏ô‡πà‡∏ô‡∏≠‡∏ô

#Wongnaisongkran2023"
28,"‡∏Å‡∏¥‡∏à‡∏Å‡∏£‡∏£‡∏°‡πÅ‡∏ô‡∏∞‡∏ô‡∏≥: ‡∏ñ‡πà‡∏≤‡∏¢‡∏£‡∏π‡∏õ, ‡πÄ‡∏î‡∏¥‡∏ô‡∏™‡∏Å‡∏≤‡∏¢‡∏ß‡∏≠‡∏£‡πå‡∏Ñ‡∏£‡∏∞‡∏¢‡∏∞‡πÄ‡∏ß‡∏•‡∏≤‡∏ó‡∏µ‡πà‡πÉ‡∏ä‡πâ‡∏Å‡∏±‡∏ö‡∏™‡∏ñ‡∏≤‡∏ô‡∏ó‡∏µ‡πà‡∏ô‡∏µ‡πâ: 1 - 2 ‡∏ä‡∏±‡πà‡∏ß‡πÇ‡∏°‡∏á",‡∏ä‡∏∑‡πà‡∏ô‡∏ä‡∏°‡πÄ‡∏à‡πâ‡∏≤‡∏Ç‡∏≠‡∏á‡∏ó‡∏µ‡πà‡∏ô‡∏µ‡πà‡∏°‡∏≤‡∏Å A' La Campagne ‡∏û‡∏±‡∏ó‡∏¢‡∏≤ ‡∏ï‡∏±‡πâ‡∏á‡πÉ‡∏à‡∏ó‡∏≥‡πÇ‡∏Ñ‡∏£‡∏á‡∏Å‡∏≤‡∏£‡∏ó‡∏±‡πâ‡∏á‡∏´‡∏°‡∏î‡πÑ‡∏î‡πâ‡∏î‡∏π‡πÉ‡∏™‡πà‡πÉ‡∏à ‡πÅ‡∏•‡∏∞‡πÄ‡∏´‡πá‡∏ô‡πÅ‡∏£‡∏á‡∏ö‡∏±‡∏•‡∏î‡∏≤‡∏•‡πÉ‡∏à ‡∏Å‡∏±‡∏ö‡∏ó‡∏∏‡∏Å‡∏™‡πà‡∏ß‡∏ô‡∏ó‡∏µ‡πà‡∏û‡∏±‡∏í‡∏ô‡∏≤‡∏Ç‡∏∂‡πâ‡∏ô‡∏°‡∏≤ ‡∏™‡∏≥‡∏´‡∏£‡∏±‡∏ö‡∏†‡∏≤‡∏û‡πÉ‡∏´‡∏ç‡πà A' La Campagne ‡∏ñ‡∏∑‡∏≠‡πÄ‡∏õ‡πá‡∏ô‡∏û‡∏∑‡πâ‡∏ô‡∏ó‡∏µ‡πà‡∏û‡∏±‡∏Å‡∏ú‡πà‡∏≠‡∏ô‡∏´‡∏¢‡πà‡∏≠‡∏ô‡πÉ‡∏à‡∏Ç‡∏≠‡∏á‡∏ú‡∏π‡πâ‡∏°‡∏≤‡πÄ‡∏¢‡∏∑‡∏≠‡∏ô ‡∏°‡∏µ‡∏ï‡πâ‡∏ô‡πÑ‡∏°‡πâ‡πÉ‡∏´‡∏ç‡πà ‡∏°‡∏µ‡∏™‡∏ô‡∏≤‡∏°‡πÄ‡∏î‡πá‡∏Å‡πÄ‡∏•‡πà‡∏ô ‡∏°‡∏µ‡πÄ‡∏•‡πâ‡∏≤‡πÑ‡∏Å‡πà ‡πÄ‡∏•‡πâ‡∏≤‡πÄ‡∏õ‡πá‡∏î ‡πÄ‡∏õ‡∏¥‡∏î‡πÉ‡∏´‡πâ‡πÄ‡∏î‡πá‡∏Å ‡πÜ‡πÄ‡∏Ç‡πâ‡∏≤‡πÑ‡∏õ‡πÄ‡∏£‡∏µ‡∏¢‡∏ô‡∏£‡∏π‡πâ ‡∏≠‡∏≤‡∏Ñ‡∏≤‡∏£‡∏ï‡πà‡∏≤‡∏á‡πÜ ‡∏Å‡πá‡∏ó‡∏≥‡∏™‡∏ß‡∏¢ ‡∏≠‡∏≤‡∏´‡∏≤‡∏£‡πÄ‡∏ä‡πâ‡∏≤‡∏î‡∏µ ‡∏ä‡∏≤‡∏î‡∏µ ‡πÄ‡∏ö‡πÄ‡∏Å‡∏≠‡∏£‡∏µ‡πà‡∏Å‡πá‡∏°‡∏µ ‡∏ñ‡∏∑‡∏≠‡πÄ‡∏õ‡πá‡∏ô‡∏™‡∏ñ‡∏≤‡∏ô‡∏ó‡∏µ‡πà‡∏ó‡∏µ‡πà‡∏Ñ‡∏ß‡∏£‡∏Ñ‡πà‡∏≤‡πÅ‡∏Å‡πà‡∏Å‡∏≤‡∏£‡∏°‡∏≤‡∏°‡∏≤‡∏Å‡πÜ
29,"‡∏Å‡∏¥‡∏à‡∏Å‡∏£‡∏£‡∏°‡πÅ‡∏ô‡∏∞‡∏ô‡∏≥: ‡∏ñ‡πà‡∏≤‡∏¢‡∏£‡∏π‡∏õ, ‡∏°‡∏≤‡∏ó‡∏≤‡∏ô‡∏≠‡∏≤‡∏´‡∏≤‡∏£‡∏û‡∏∑‡πâ‡∏ô‡πÄ‡∏°‡∏∑‡∏≠‡∏á ‡∏î‡∏∑‡πà‡∏°‡∏Å‡∏≤‡πÅ‡∏ü‡πÅ‡∏ö‡∏ö‡∏î‡∏∑‡πà‡∏°‡∏î‡∏≥‡∏ò‡∏£‡∏£‡∏°‡∏ä‡∏≤‡∏ï‡∏¥, ‡∏ü‡∏±‡∏á‡πÄ‡∏™‡∏µ‡∏¢‡∏á‡∏•‡∏≥‡∏ò‡∏≤‡∏£, ‡πÄ‡∏î‡∏¥‡∏ô‡πÄ‡∏•‡πà‡∏ô‡∏£‡∏∞‡∏¢‡∏∞‡πÄ‡∏ß‡∏•‡∏≤‡∏ó‡∏µ‡πà‡πÉ‡∏ä‡πâ‡∏Å‡∏±‡∏ö‡∏™‡∏ñ‡∏≤‡∏ô‡∏ó‡∏µ‡πà‡∏ô‡∏µ‡πâ: ‡∏Ñ‡∏£‡∏∂‡πà‡∏á‡∏ß‡∏±‡∏ô","üì£ ‡πÑ‡∏£‡πà‡∏ä‡∏≤‡∏â‡∏∏‡∏¢‡∏ü‡∏á

‚òïÔ∏è ‡∏™‡∏ñ‡∏≤‡∏ô‡∏ó‡∏µ‡πà‡∏ó‡πà‡∏≠‡∏á‡πÄ‡∏ó‡∏µ‡πà‡∏¢‡∏ß‡∏¢‡∏≠‡∏î‡∏Æ‡∏¥‡∏ï‡πÉ‡∏ô‡∏à‡∏±‡∏á‡∏´‡∏ß‡∏±‡∏î‡πÄ‡∏ä‡∏µ‡∏¢‡∏á‡∏£‡∏≤‡∏¢ ‡∏à‡∏∏‡∏î‡∏ñ‡πà‡∏≤‡∏¢‡∏£‡∏π‡∏õ ‡∏à‡∏∏‡∏î‡∏ó‡∏≤‡∏ô‡∏≠‡∏≤‡∏´‡∏≤‡∏£‡∏ó‡∏µ‡πà‡∏ô‡∏±‡∏Å‡∏ó‡πà‡∏≠‡∏á‡πÄ‡∏ó‡∏µ‡πà‡∏¢‡∏ß‡πÄ‡∏Å‡∏∑‡∏≠‡∏ö‡∏ó‡∏∏‡∏Å‡∏Ñ‡∏ô‡∏ï‡πâ‡∏≠‡∏á‡πÑ‡∏°‡πà‡∏û‡∏•‡∏≤‡∏î‡∏ó‡∏µ‡πà‡∏à‡∏∞‡πÅ‡∏ß‡∏∞‡∏°‡∏≤‡∏ó‡∏µ‡πà‡∏ô‡∏µ‡πà‡πÄ‡∏°‡∏∑‡πà‡∏≠‡∏°‡∏≤‡πÄ‡∏ó‡∏µ‡πà‡∏¢‡∏ß‡∏ó‡∏µ‡πà‡πÄ‡∏ä‡∏µ‡∏¢‡∏á‡∏£‡∏≤‡∏¢

üå± ‡∏à‡∏∏‡∏î‡πÅ‡∏•‡∏ô‡∏°‡∏≤‡∏£‡πå‡∏Ñ‡∏Ñ‡∏∑‡∏≠‡∏Å‡∏≤‡∏£‡∏ñ‡πà‡∏≤‡∏¢‡∏£‡∏π‡∏õ‡πÉ‡∏ô‡πÑ‡∏£‡πà‡∏ä‡∏≤ ‡∏ó‡∏µ‡πà‡πÄ‡∏õ‡πá‡∏ô‡πÄ‡∏´‡∏°‡∏∑‡∏≠‡∏ô‡∏Ç‡∏±‡πâ‡∏ô‡∏ö‡∏±‡∏ô‡πÑ‡∏î ‡∏ó‡∏≥‡πÉ‡∏´‡πâ‡πÄ‡∏´‡πá‡∏ô‡∏ß‡∏¥‡∏ß‡∏î‡πâ‡∏≤‡∏ô‡∏ö‡∏ô‡πÄ‡∏õ‡πá‡∏ô‡πÑ‡∏£‡πà‡∏ä‡∏≤‡∏™‡∏µ‡πÄ‡∏Ç‡∏µ‡∏¢‡∏ß‡∏ó‡∏µ‡πà‡∏ó‡∏≠‡∏î‡∏¢‡∏≤‡∏ß‡∏≠‡∏≠‡∏Å‡πÑ‡∏õ ‡∏ö‡∏≠‡∏Å‡πÄ‡∏•‡∏¢‡∏ß‡πà‡∏≤‡∏™‡∏ß‡∏¢‡∏á‡∏≤‡∏°‡∏°‡∏≤‡∏Å

üç∞ ‡∏ô‡∏≠‡∏Å‡∏à‡∏≤‡∏Å‡∏ô‡∏±‡πâ‡∏ô‡∏¢‡∏±‡∏á‡∏°‡∏µ‡∏£‡πâ‡∏≤‡∏ô‡∏≠‡∏≤‡∏´‡∏≤‡∏£ ‡∏Ñ‡∏≤‡πÄ‡∏ü‡πà ‡∏ó‡∏µ‡πà‡∏à‡∏≥‡∏´‡∏ô‡πà‡∏≤‡∏¢‡∏Ç‡∏ô‡∏°, ‡πÄ‡∏Ñ‡∏£‡∏∑‡πà‡∏≠‡∏á‡∏î‡∏∑‡πà‡∏°‡∏ó‡∏µ‡πà‡πÉ‡∏ä‡πâ‡∏ú‡∏•‡∏¥‡∏ï‡∏†‡∏±‡∏ì‡∏ë‡πå‡∏à‡∏≤‡∏Å‡πÉ‡∏ö‡∏ä‡∏≤ ‡πÅ‡∏•‡∏∞‡∏£‡πâ‡∏≤‡∏ô‡∏Ç‡∏≤‡∏¢‡∏Ç‡∏≠‡∏á‡∏ù‡∏≤‡∏Å‡πÉ‡∏´‡πâ‡πÄ‡∏•‡∏∑‡∏≠‡∏Å‡∏ã‡∏∑‡πâ‡∏≠‡∏ï‡∏¥‡∏î‡πÑ‡∏°‡πà‡∏ï‡∏¥‡∏î‡∏°‡∏∑‡∏≠‡πÄ‡∏ä‡πà‡∏ô‡∏Å‡∏±‡∏ô

#EatOutGoRound‡∏•‡∏∏‡∏¢‡∏Å‡∏¥‡∏ô‡∏ü‡∏¥‡∏ô‡πÄ‡∏ó‡∏µ‡πà‡∏¢‡∏ß

#WongnaiHNY2023"
30,"‡∏Å‡∏¥‡∏à‡∏Å‡∏£‡∏£‡∏°‡πÅ‡∏ô‡∏∞‡∏ô‡∏≥: ‡∏ñ‡πà‡∏≤‡∏¢‡∏£‡∏π‡∏õ, ‡∏ä‡∏¥‡∏°‡∏ä‡∏≤‡∏£‡∏∞‡∏¢‡∏∞‡πÄ‡∏ß‡∏•‡∏≤‡∏ó‡∏µ‡πà‡πÉ‡∏ä‡πâ‡∏Å‡∏±‡∏ö‡∏™‡∏ñ‡∏≤‡∏ô‡∏ó‡∏µ‡πà‡∏ô‡∏µ‡πâ: 1 - 2 ‡∏ä‡∏±‡πà‡∏ß‡πÇ‡∏°‡∏á","‡∏≠‡∏∏‡∏ó‡∏¢‡∏≤‡∏ô‡∏õ‡∏£‡∏∞‡∏ß‡∏±‡∏ï‡∏¥‡∏®‡∏≤‡∏™‡∏ï‡∏£‡πå‡∏û‡∏ô‡∏°‡∏£‡∏∏‡πâ‡∏á ‡∏´‡∏£‡∏∑‡∏≠ ‡∏õ‡∏£‡∏≤‡∏™‡∏≤‡∏ó‡∏´‡∏¥‡∏ô‡∏û‡∏ô‡∏°‡∏£‡∏∏‡πâ‡∏á ‡∏ï‡∏±‡πâ‡∏á‡∏≠‡∏¢‡∏π‡πà ‡∏≠‡∏≥‡πÄ‡∏†‡∏≠‡πÄ‡∏â‡∏•‡∏¥‡∏°‡∏û‡∏£‡∏∞‡πÄ‡∏Å‡∏µ‡∏¢‡∏£‡∏ï‡∏¥ ‡∏´‡πà‡∏≤‡∏á‡∏à‡∏≤‡∏Å‡∏ï‡∏±‡∏ß‡πÄ‡∏°‡∏∑‡∏≠‡∏á‡∏ö‡∏∏‡∏£‡∏µ‡∏£‡∏±‡∏°‡∏¢‡πå‡∏•‡∏á‡∏°‡∏≤‡∏ó‡∏≤‡∏á‡∏ó‡∏¥‡∏®‡πÉ‡∏ï‡πâ‡∏õ‡∏£‡∏∞‡∏°‡∏≤‡∏ì 77 ‡∏Å‡∏¥‡πÇ‡∏•‡πÄ‡∏°‡∏ï‡∏£ ‡∏õ‡∏£‡∏∞‡∏Å‡∏≠‡∏ö‡πÑ‡∏õ‡∏î‡πâ‡∏ß‡∏¢‡πÇ‡∏ö‡∏£‡∏≤‡∏ì‡∏™‡∏ñ‡∏≤‡∏ô‡∏™‡∏≥‡∏Ñ‡∏±‡∏ç ‡∏ã‡∏∂‡πà‡∏á‡∏ï‡∏±‡πâ‡∏á‡∏≠‡∏¢‡∏π‡πà‡∏ö‡∏ô‡∏¢‡∏≠‡∏î‡∏†‡∏π‡πÄ‡∏Ç‡∏≤‡πÑ‡∏ü‡∏ó‡∏µ‡πà‡∏î‡∏±‡∏ö‡∏™‡∏ô‡∏¥‡∏ó‡πÅ‡∏•‡πâ‡∏ß ‡∏™‡∏π‡∏á‡∏õ‡∏£‡∏∞‡∏°‡∏≤‡∏ì 200 ‡πÄ‡∏°‡∏ï‡∏£‡∏à‡∏≤‡∏Å‡∏û‡∏∑‡πâ‡∏ô‡∏£‡∏≤‡∏ö ‡∏Ñ‡∏≥‡∏ß‡πà‡∏≤ ‡∏û‡∏ô‡∏°‡∏£‡∏∏‡πâ‡∏á ‡∏ô‡∏±‡πâ‡∏ô ‡∏°‡∏≤‡∏à‡∏≤‡∏Å‡∏†‡∏≤‡∏©‡∏≤‡πÄ‡∏Ç‡∏°‡∏£ ‡∏Ñ‡∏≥‡∏ß‡πà‡∏≤ ‡∏ß‡∏ô‡πç‡∏£‡∏∏‡∏á ‡πÅ‡∏õ‡∏•‡∏ß‡πà‡∏≤ ‡∏†‡∏π‡πÄ‡∏Ç‡∏≤‡πÉ‡∏´‡∏ç‡πà
‡∏ó‡∏µ‡πà‡∏™‡∏≥‡∏Ñ‡∏±‡∏ç‡∏ó‡∏µ‡πà‡∏ô‡∏µ‡πà‡∏°‡∏µ ‡∏ó‡∏±‡∏ö‡∏´‡∏•‡∏±‡∏á‡∏ô‡∏≤‡∏£‡∏≤‡∏¢‡∏ì‡πå‡∏ö‡∏£‡∏£‡∏ó‡∏°‡∏™‡∏¥‡∏ô‡∏ò‡∏∏‡πå ‡∏≠‡∏±‡∏ô‡∏™‡∏ß‡∏¢‡∏á‡∏≤‡∏°‡πÇ‡∏î‡πà‡∏á‡∏î‡∏±‡∏á‡∏î‡πâ‡∏ß‡∏¢‡∏Ñ‡∏£‡∏±‡∏ö
‡∏™‡∏ß‡∏¢‡∏á‡∏≤‡∏°‡πÅ‡∏•‡∏∞‡∏¢‡∏±‡∏á‡∏Ñ‡∏á‡∏Ñ‡∏ß‡∏≤‡∏°‡∏™‡∏°‡∏ö‡∏π‡∏£‡∏ì‡πå‡∏≠‡∏¢‡∏π‡πà‡∏°‡∏≤‡∏Å‡πÜ‡πÄ‡∏•‡∏¢‡∏Ñ‡∏£‡∏±‡∏ö ‡∏ú‡πà‡∏≤‡∏ô‡∏°‡∏≤‡∏Å‡πá‡∏ï‡πâ‡∏≠‡∏á‡πÅ‡∏ß‡∏∞‡∏™‡∏±‡∏Å‡∏´‡∏ô‡πà‡∏≠‡∏¢ ‡∏ó‡∏µ‡πà‡∏à‡∏≠‡∏î‡∏£‡∏ñ‡∏™‡∏ö‡∏≤‡∏¢ ‡∏°‡∏µ‡∏£‡πâ‡∏≤‡∏ô‡∏Ç‡∏≤‡∏¢‡∏Ç‡∏≠‡∏á ‡∏à‡∏∞‡∏Å‡∏¥‡∏ô‡∏Ç‡πâ‡∏≤‡∏ß‡∏Å‡πá‡∏°‡∏µ‡∏ö‡∏£‡∏¥‡∏Å‡∏≤‡∏£‡∏Ñ‡∏£‡∏±‡∏ö

#WongnaiHNY2023"
31,"‡∏Å‡∏¥‡∏à‡∏Å‡∏£‡∏£‡∏°‡πÅ‡∏ô‡∏∞‡∏ô‡∏≥: ‡∏ó‡∏≤‡∏ô‡∏≠‡∏≤‡∏´‡∏≤‡∏£, ‡∏Ñ‡∏≤‡πÄ‡∏ü‡πà‡∏£‡∏∞‡∏¢‡∏∞‡πÄ‡∏ß‡∏•‡∏≤‡∏ó‡∏µ‡πà‡πÉ‡∏ä‡πâ‡∏Å‡∏±‡∏ö‡∏™‡∏ñ‡∏≤‡∏ô‡∏ó‡∏µ‡πà‡∏ô‡∏µ‡πâ: 1 - 2 ‡∏ä‡∏±‡πà‡∏ß‡πÇ‡∏°‡∏á",‡∏ß‡∏±‡∏ô‡∏ô‡∏µ‡πâ‡πÑ‡∏î‡πâ‡∏°‡∏≤‡∏•‡∏≠‡∏á‡∏ó‡∏≤‡∏ô‡∏≠‡∏≤‡∏´‡∏≤‡∏£‡∏≠‡∏£‡πà‡∏≠‡∏¢ ‡∏™‡πÑ‡∏ï‡∏•‡πå‡∏ù‡∏£‡∏±‡πà‡∏á ‡πÅ‡∏•‡πâ‡∏ß‡∏Å‡πá‡∏ï‡∏ö‡∏ó‡πâ‡∏≤‡∏¢‡∏î‡πâ‡∏ß‡∏¢‡∏Ç‡∏ô‡∏°‡∏´‡∏ß‡∏≤‡∏ô‡πÉ‡∏ô‡∏û‡∏±‡∏ó‡∏¢‡∏≤ ‡∏£‡πâ‡∏≤‡∏ô‡πÄ‡∏õ‡πá‡∏ô‡∏ü‡∏≤‡∏£‡πå‡∏°‡∏Å‡∏ß‡πâ‡∏≤‡∏á‡πÉ‡∏´‡∏ç‡πà ‡πÑ‡∏î‡πâ‡∏ö‡∏£‡∏£‡∏¢‡∏≤‡∏Å‡∏≤‡∏®‡∏™‡πÑ‡∏ï‡∏•‡πå‡∏ü‡∏≤‡∏£‡πå‡∏°‡πÉ‡∏ô‡∏ï‡πà‡∏≤‡∏á‡∏õ‡∏£‡∏∞‡πÄ‡∏ó‡∏® ‡∏ä‡∏≠‡∏ö‡∏™‡∏õ‡∏≤‡πÄ‡∏Å‡∏ï‡∏ï‡∏µ‡πÅ‡∏ã‡∏•‡∏°‡∏≠‡∏ô‡πÅ‡∏•‡πâ‡∏ß‡∏Å‡πá steak salmon ‡∏°‡∏≤‡∏Å‡πÜ‡∏°‡∏µ‡∏Ñ‡∏ß‡∏≤‡∏°‡πÄ‡∏ô‡∏∑‡πâ‡∏≠‡∏ä‡∏¥‡πâ‡∏ô‡πÇ‡∏ï ‡∏≠‡∏≠‡∏Å‡∏°‡∏≤‡∏Å‡∏≥‡∏•‡∏±‡∏á‡∏î‡∏µ‡∏´‡∏≠‡∏°‡πÄ‡∏Ñ‡∏£‡∏∑‡πà‡∏≠‡∏á‡πÄ‡∏ó‡∏®‡∏≠‡πà‡∏≠‡∏ô‡πÜ ‡∏î‡πâ‡∏ß‡∏¢ ‡∏™‡∏≥‡∏´‡∏£‡∏±‡∏ö‡∏Ç‡∏ô‡∏°‡∏´‡∏ß‡∏≤‡∏ô‡πÄ‡∏õ‡πá‡∏ô‡∏ä‡πá‡∏≠‡∏Å‡πÇ‡∏Å‡πÅ‡∏•‡∏ï‡∏ó‡∏µ‡πà‡πÄ‡∏Ç‡πâ‡∏°‡∏Ç‡πâ‡∏ô‡∏™‡∏∏‡∏î‡πÜ ‡πÅ‡∏ï‡πà‡∏°‡∏≤‡∏Å‡∏∞‡∏£‡∏≠‡∏á‡∏Ñ‡πà‡∏≠‡∏ô‡∏Ç‡πâ‡∏≤‡∏á‡∏´‡∏ß‡∏≤‡∏ô‡∏ó‡∏µ‡πÄ‡∏î‡∏µ‡∏¢‡∏ß ‡πÉ‡∏ô‡∏à‡∏≤‡∏ô‡∏™‡πà‡∏á‡πÉ‡∏´‡πâ‡∏î‡∏π‡∏ó‡∏∏‡∏Å‡∏à‡∏≤‡∏ô‡πÄ‡∏•‡∏¢‡∏ñ‡πà‡∏≤‡∏¢‡∏£‡∏π‡∏õ‡πÑ‡∏î‡πâ‡∏™‡∏ß‡∏¢‡∏á‡∏≤‡∏°‡∏ô‡πà‡∏≤‡∏£‡∏±‡∏Å ‡∏Å‡∏¥‡∏à‡∏Å‡∏£‡∏£‡∏°‡∏≠‡∏∑‡πà‡∏ô‡πÜ ‡∏ó‡∏µ‡πà‡πÅ‡∏ô‡∏∞‡∏ô‡∏≥‡∏ñ‡πâ‡∏≤‡πÑ‡∏°‡πà‡∏ó‡∏≤‡∏ô‡∏≠‡∏≤‡∏´‡∏≤‡∏£‡∏Ñ‡∏∑‡∏≠ ‡∏ñ‡πà‡∏≤‡∏¢‡∏£‡∏π‡∏õ ‡πÅ‡∏•‡∏∞‡πÉ‡∏´‡πâ‡∏≠‡∏≤‡∏´‡∏≤‡∏£‡∏°‡πâ‡∏≤ #Amazingthailand
32,"‡∏Å‡∏¥‡∏à‡∏Å‡∏£‡∏£‡∏°‡πÅ‡∏ô‡∏∞‡∏ô‡∏≥: ‡∏Ñ‡∏≤‡πÄ‡∏ü‡πà, ‡∏ñ‡πà‡∏≤‡∏¢‡∏£‡∏π‡∏õ‡∏£‡∏∞‡∏¢‡∏∞‡πÄ‡∏ß‡∏•‡∏≤‡∏ó‡∏µ‡πà‡πÉ‡∏ä‡πâ‡∏Å‡∏±‡∏ö‡∏™‡∏ñ‡∏≤‡∏ô‡∏ó‡∏µ‡πà‡∏ô‡∏µ‡πâ: 1 - 2 ‡∏ä‡∏±‡πà‡∏ß‡πÇ‡∏°‡∏á","‡∏™‡∏ß‡∏ô‡πÅ‡∏°‡πà‡∏ü‡πâ‡∏≤‡∏´‡∏•‡∏ß‡∏á ‡∏≠‡∏¢‡∏π‡πà‡∏ö‡∏ô‡∏î‡∏≠‡∏¢‡∏ï‡∏∏‡∏á ‡∏Ç‡∏±‡∏ö‡∏£‡∏ñ‡∏à‡∏≤‡∏Å‡πÄ‡∏°‡∏∑‡∏≠‡∏á‡∏°‡∏≤‡∏õ‡∏£‡∏∞‡∏°‡∏≤‡∏ì 1 ‡∏ä‡∏±‡πà‡∏ß‡πÇ‡∏°‡∏á

‡∏ö‡∏ô‡∏ô‡∏µ‡πâ‡∏°‡∏µ‡∏î‡∏≠‡∏Å‡πÑ‡∏°‡πâ‡∏™‡∏ß‡∏¢‡πÜ ‡πÉ‡∏´‡πâ‡∏ä‡∏° ‡∏°‡∏µ‡∏£‡πâ‡∏≤‡∏ô‡∏Å‡∏≤‡πÅ‡∏ü ‡∏à‡∏∏‡∏î‡∏ô‡∏±‡πà‡∏á‡πÄ‡∏•‡πà‡∏ô ‡∏ñ‡πà‡∏≤‡∏¢‡∏£‡∏π‡∏õ

‡∏Å‡πà‡∏≠‡∏ô‡πÄ‡∏Ç‡πâ‡∏≤‡∏™‡∏ß‡∏ô‡∏à‡∏∞‡∏ï‡πâ‡∏≠‡∏á‡∏ã‡∏∑‡πâ‡∏≠‡∏ö‡∏±‡∏ï‡∏£‡πÄ‡∏Ç‡πâ‡∏≤‡∏ä‡∏°‡∏™‡∏ß‡∏ô ‡∏ú‡∏π‡πâ‡∏™‡∏π‡∏á‡∏≠‡∏≤‡∏¢‡∏∏‡∏à‡∏∞‡πÑ‡∏î‡πâ‡∏•‡∏î‡∏£‡∏≤‡∏Ñ‡∏≤‡∏î‡πâ‡∏ß‡∏¢

‡∏Ñ‡∏ô‡∏ó‡∏µ‡πà‡πÉ‡∏ä‡πâ‡∏£‡∏ñ‡πÄ‡∏Ç‡πá‡∏ô‡∏™‡∏≤‡∏°‡∏≤‡∏£‡∏ñ‡πÄ‡∏Ç‡πâ‡∏≤‡∏ä‡∏°‡∏™‡∏ß‡∏ô‡πÑ‡∏î‡πâ‡πÇ‡∏î‡∏¢‡πÉ‡∏ä‡πâ‡∏ó‡∏≤‡∏á‡πÄ‡∏Ç‡πâ‡∏≤‡∏≠‡∏µ‡∏Å‡∏ó‡∏≤‡∏á (‡πÅ‡∏ï‡πà‡∏Å‡πá‡πÄ‡∏Ç‡πâ‡∏≤‡πÑ‡∏õ‡πÑ‡∏î‡πâ‡∏à‡∏≥‡∏Å‡∏±‡∏î‡∏™‡∏ñ‡∏≤‡∏ô‡∏ó‡∏µ‡πà)

‡∏î‡πâ‡∏≤‡∏ô‡πÉ‡∏ô‡πÅ‡∏•‡∏∞‡∏î‡πâ‡∏≤‡∏ô‡∏ô‡∏≠‡∏Å‡∏™‡∏ß‡∏ô‡∏°‡∏µ‡∏´‡πâ‡∏≠‡∏á‡∏ô‡πâ‡∏≥‡∏™‡∏∞‡∏≠‡∏≤‡∏î ‡∏™‡∏∞‡∏î‡∏ß‡∏Å‡∏™‡∏ö‡∏≤‡∏¢

‡∏°‡∏µ‡∏£‡πâ‡∏≤‡∏ô‡∏≠‡∏≤‡∏´‡∏≤‡∏£ ‡∏£‡πâ‡∏≤‡∏ô‡∏Ç‡∏≤‡∏¢‡∏Ç‡∏≠‡∏á‡∏ó‡∏µ‡πà‡∏£‡∏∞‡∏•‡∏∂‡∏Å"
33,"‡∏Å‡∏¥‡∏à‡∏Å‡∏£‡∏£‡∏°‡πÅ‡∏ô‡∏∞‡∏ô‡∏≥: ‡πÄ‡∏î‡∏¥‡∏ô‡πÄ‡∏•‡πà‡∏ô‡∏ä‡∏°‡∏ß‡∏¥‡∏ß, ‡∏ä‡∏°‡∏õ‡∏£‡∏∞‡∏ß‡∏±‡∏ï‡∏¥‡∏®‡∏≤‡∏™‡∏ï‡∏£‡πå‡∏ó‡∏≤‡∏á‡πÇ‡∏ö‡∏£‡∏≤‡∏ì‡∏Ñ‡∏î‡∏µ, ‡∏ã‡∏∑‡πâ‡∏≠‡∏Ç‡∏≠‡∏á‡∏ù‡∏≤‡∏Å, ‡∏ñ‡πà‡∏≤‡∏¢‡∏£‡∏π‡∏õ‡∏£‡∏∞‡∏¢‡∏∞‡πÄ‡∏ß‡∏•‡∏≤‡∏ó‡∏µ‡πà‡πÉ‡∏ä‡πâ‡∏Å‡∏±‡∏ö‡∏™‡∏ñ‡∏≤‡∏ô‡∏ó‡∏µ‡πà‡∏ô‡∏µ‡πâ: 1 - 2 ‡∏ä‡∏±‡πà‡∏ß‡πÇ‡∏°‡∏á","#Wongnaisongkran2023

‡πÑ‡∏£‡πà‡∏ä‡∏≤‡∏â‡∏∏‡∏¢‡∏ü‡∏á, ‡πÄ‡∏õ‡πá‡∏ô‡∏™‡∏ñ‡∏≤‡∏ô‡∏ó‡∏µ‡πà‡πÄ‡∏ó‡∏µ‡πà‡∏¢‡∏ß‡∏ä‡∏∑‡πà‡∏≠‡∏î‡∏±‡∏á‡∏≠‡∏µ‡∏Å‡πÅ‡∏´‡πà‡∏á‡∏´‡∏ô‡∏∂‡πà‡∏á‡∏Ç‡∏≠‡∏á‡πÄ‡∏ä‡∏µ‡∏¢‡∏á‡∏£‡∏≤‡∏¢‡∏ó‡∏µ‡πà‡∏Ñ‡∏ô‡∏ä‡∏≠‡∏ö‡∏°‡∏≤‡πÄ‡∏ä‡πá‡∏Ñ‡∏≠‡∏¥‡∏ô ‡∏ú‡∏°‡πÑ‡∏°‡πà‡πÑ‡∏î‡πâ‡∏°‡∏≤‡∏ô‡∏≤‡∏ô‡∏°‡∏≤‡∏Å‡∏à‡∏ô‡∏ï‡∏≠‡∏ô‡∏ô‡∏µ‡πâ‡πÄ‡∏õ‡∏¥‡∏î‡πÇ‡∏ã‡∏ô‡πÉ‡∏´‡∏°‡πà‡πÅ‡∏•‡πâ‡∏ß‡∏£‡∏≠‡∏ö‡∏ó‡∏µ‡πà‡∏°‡∏≤‡∏Ñ‡∏£‡∏≤‡∏ß‡∏ô‡∏µ‡πâ‡∏Å‡πá‡πÄ‡∏õ‡πá‡∏ô‡∏ó‡∏µ‡πà‡πÄ‡∏ó‡∏µ‡πà‡∏¢‡∏ß‡πÇ‡∏ã‡∏ô‡πÉ‡∏´‡∏°‡πà ‡∏™‡∏ñ‡∏≤‡∏ô‡∏ó‡∏µ‡πà‡πÉ‡∏´‡∏ç‡πà‡πÅ‡∏•‡πâ‡∏ß‡∏ô‡∏±‡πà‡∏á‡∏™‡∏ö‡∏≤‡∏¢‡∏Å‡∏ß‡πà‡∏≤‡πÇ‡∏ã‡∏ô‡πÄ‡∏Å‡πà‡∏≤ ‡πÇ‡∏ã‡∏ô‡∏ô‡∏µ‡πâ‡∏à‡∏∞‡∏°‡∏µ‡∏≠‡∏≤‡∏´‡∏≤‡∏£‡∏Ç‡∏≤‡∏¢‡∏î‡πâ‡∏ß‡∏¢ ‡πÅ‡∏•‡πâ‡∏ß‡∏Å‡πá‡∏°‡∏µ‡∏Ç‡∏≠‡∏á‡∏ó‡∏µ‡πà‡∏£‡∏∞‡∏•‡∏∂‡∏Å ‡πÅ‡∏ï‡πà‡∏ñ‡πâ‡∏≤‡πÄ‡∏õ‡πá‡∏ô‡∏ù‡∏±‡πà‡∏á‡πÄ‡∏Å‡πà‡∏≤‡∏à‡∏∞‡∏°‡∏µ‡πÄ‡∏â‡∏û‡∏≤‡∏∞‡∏Ç‡∏≤‡∏¢‡πÄ‡∏Ñ‡∏£‡∏∑‡πà‡∏≠‡∏á‡∏î‡∏∑‡πà‡∏°‡πÄ‡∏ó‡πà‡∏≤‡∏ô‡∏±‡πâ‡∏ô ‡πÉ‡∏Ñ‡∏£‡∏à‡∏∞‡∏°‡∏≤‡πÅ‡∏ô‡∏∞‡∏ô‡∏≥‡πÉ‡∏´‡πâ‡∏£‡∏µ‡∏ö‡∏°‡∏≤‡πÄ‡∏ä‡πâ‡∏≤‡πÜ ‡∏Ñ‡∏£‡∏±‡∏ö‡∏Å‡πà‡∏≠‡∏ô‡∏û‡∏ß‡∏Å‡∏à‡∏∞‡∏°‡∏µ‡∏ó‡∏±‡∏ß‡∏£‡πå‡∏°‡∏≤‡∏•‡∏á ‡πÄ‡∏û‡∏£‡∏≤‡∏∞ ‡∏Ñ‡∏ô‡∏à‡∏∞‡πÄ‡∏¢‡∏≠‡∏∞‡∏°‡∏≤‡∏Å‡πÜ"
34,‡∏Å‡∏¥‡∏à‡∏Å‡∏£‡∏£‡∏°‡πÅ‡∏ô‡∏∞‡∏ô‡∏≥: ‡∏ñ‡πà‡∏≤‡∏¢‡∏†‡∏≤‡∏û‡∏Å‡∏±‡∏ö‡∏ó‡∏∏‡πà‡∏á‡∏õ‡∏≠‡πÄ‡∏ó‡∏∑‡∏≠‡∏á‡∏£‡∏∞‡∏¢‡∏∞‡πÄ‡∏ß‡∏•‡∏≤‡∏ó‡∏µ‡πà‡πÉ‡∏ä‡πâ‡∏Å‡∏±‡∏ö‡∏™‡∏ñ‡∏≤‡∏ô‡∏ó‡∏µ‡πà‡∏ô‡∏µ‡πâ: ‡∏ï‡πà‡∏≥‡∏Å‡∏ß‡πà‡∏≤ 1 ‡∏ä‡∏±‡πà‡∏ß‡πÇ‡∏°‡∏á,"üìç ‡πÑ‡∏£‡πà‡∏ä‡∏≤‡∏•‡∏∏‡∏á‡πÄ‡∏î‡∏ä ‡∏≠.‡πÅ‡∏°‡πà‡πÅ‡∏ï‡∏á ‡∏à.‡πÄ‡∏ä‡∏µ‡∏¢‡∏á‡πÉ‡∏´‡∏°‡πà

‚è∞ ‡∏™‡∏≤‡∏°‡∏≤‡∏£‡∏ñ‡πÄ‡∏Ç‡πâ‡∏≤‡∏ä‡∏°‡πÑ‡∏î‡πâ‡∏ï‡∏•‡∏≠‡∏î‡∏ó‡∏±‡πâ‡∏á‡∏ß‡∏±‡∏ô 

‡∏ö‡∏£‡∏¥‡∏Å‡∏≤‡∏£‡∏≠‡∏≤‡∏´‡∏≤‡∏£‡πÅ‡∏•‡∏∞‡πÄ‡∏Ñ‡∏£‡∏∑‡πà‡∏≠‡∏á‡∏î‡∏∑‡πà‡∏° ‡∏ï‡∏±‡πâ‡∏á‡πÅ‡∏ï‡πà 7:30 - 18:00 ‡∏ô.

‡∏ó‡∏µ‡πà‡∏ô‡∏µ‡πà‡∏ï‡∏±‡πâ‡∏á‡∏≠‡∏¢‡∏π‡πà‡πÑ‡∏°‡πà‡πÑ‡∏Å‡∏•‡∏à‡∏≤‡∏Å‡∏ï‡∏±‡∏ß‡πÄ‡∏°‡∏∑‡∏≠‡∏á‡πÄ‡∏ä‡∏µ‡∏¢‡∏á‡πÉ‡∏´‡∏°‡πà‡∏°‡∏≤‡∏Å ‡πÉ‡∏ä‡πâ‡πÄ‡∏ß‡∏•‡∏≤‡∏õ‡∏£‡∏∞‡∏°‡∏≤‡∏ì 1:30 ‡∏ä‡∏°. ‡πÅ‡∏ï‡πà‡∏ó‡∏≤‡∏á‡∏Ñ‡πà‡∏≠‡∏ô‡∏Ç‡πâ‡∏≤‡∏á‡πÇ‡∏Ñ‡πâ‡∏á‡πÄ‡∏¢‡∏≠‡∏∞

‡πÇ‡∏î‡πÄ‡∏î‡πà‡∏ô‡πÄ‡∏£‡∏∑‡πà‡∏≠‡∏á‡∏ä‡∏≤ ‡πÄ‡∏ô‡πâ‡∏ô‡∏°‡∏≤‡∏ô‡∏±‡πà‡∏á‡∏à‡∏¥‡∏ö‡∏ä‡∏≤ ‡∏ä‡∏°‡∏ß‡∏¥‡∏ß‡πÄ‡∏Ç‡∏≤ üèî ‡∏ó‡∏≤‡∏ô‡∏≠‡∏≤‡∏´‡∏≤‡∏£‡πÄ‡∏°‡∏ô‡∏π‡∏ó‡∏µ‡πà‡∏ó‡∏≥‡∏à‡∏≤‡∏Å‡πÉ‡∏ö‡∏ä‡∏≤ üçÉ 

üí´‡πÄ‡∏°‡∏ô‡∏π‡πÄ‡∏î‡πá‡∏î : ‡∏¢‡∏≠‡∏î‡∏ä‡∏≤‡∏ó‡∏≠‡∏î‡∏Å‡∏£‡∏≠‡∏ö, ‡∏¢‡∏≥‡πÉ‡∏ö‡∏ä‡∏≤‡∏ó‡∏π‡∏ô‡πà‡∏≤, ‡πÑ‡∏Ç‡πà‡πÄ‡∏à‡∏µ‡∏¢‡∏ß‡∏¢‡∏≠‡∏î‡∏ä‡∏≤ üçÉ

‡πÄ‡∏Ñ‡∏£‡∏∑‡πà‡∏≠‡∏á‡∏î‡∏∑‡πà‡∏°: ‡∏ä‡∏≤‡∏£‡πâ‡∏≠‡∏ô‡∏ï‡πà‡∏≤‡∏á‡πÜ ‡∏≠‡∏¢‡πà‡∏≤‡∏á‡∏ä‡∏≤‡∏≠‡∏π‡πà‡∏´‡∏•‡∏á, ‡∏ä‡∏≤‡πÄ‡∏Ç‡∏µ‡∏¢‡∏ß‡∏£‡πâ‡∏≠‡∏ô üçµ

üèö‡∏ñ‡πâ‡∏≤‡πÉ‡∏Ñ‡∏£‡∏≠‡∏¢‡∏≤‡∏Å‡∏î‡∏∑‡πà‡∏°‡∏î‡πà‡∏≥‡∏ò‡∏£‡∏£‡∏°‡∏ä‡∏≤‡∏ï‡∏¥‡πÅ‡∏ö‡∏ö‡∏à‡∏±‡∏î‡πÄ‡∏ï‡πá‡∏° ‡∏ó‡∏µ‡πà‡∏ô‡∏µ‡πà‡πÄ‡∏Ñ‡πâ‡∏≤‡∏°‡∏µ‡∏ö‡πâ‡∏≤‡∏ô‡∏û‡∏±‡∏Å‡πÉ‡∏´‡πâ‡∏Ñ‡πâ‡∏≤‡∏á‡∏Ñ‡∏∑‡∏ô ‡∏£‡∏≠‡∏î‡∏π‡∏´‡∏°‡∏≠‡∏Å‡∏¢‡∏≤‡∏°‡πÄ‡∏ä‡πâ‡∏≤‡∏î‡πâ‡∏ß‡∏¢‡∏ô‡∏∞ üå•üå§"
35,"‡∏Å‡∏¥‡∏à‡∏Å‡∏£‡∏£‡∏°‡πÅ‡∏ô‡∏∞‡∏ô‡∏≥: ‡∏Å‡∏£‡∏∞‡∏ö‡∏≠‡∏á‡πÄ‡∏û‡∏ä‡∏£‚Äã‡∏¢‡∏±‡∏Å‡∏©‡πå, ‡∏ñ‡πà‡∏≤‡∏¢‡∏£‡∏π‡∏õ, ‡∏ä‡∏°‡∏î‡∏≠‡∏Å‡πÑ‡∏°‡πâ‡∏£‡∏∞‡∏¢‡∏∞‡πÄ‡∏ß‡∏•‡∏≤‡∏ó‡∏µ‡πà‡πÉ‡∏ä‡πâ‡∏Å‡∏±‡∏ö‡∏™‡∏ñ‡∏≤‡∏ô‡∏ó‡∏µ‡πà‡∏ô‡∏µ‡πâ: 1 - 2 ‡∏ä‡∏±‡πà‡∏ß‡πÇ‡∏°‡∏á","‡πÑ‡∏£‡πà‡∏ä‡∏≤‡∏•‡∏∏‡∏á‡πÄ‡∏î‡∏ä ‡∏≠‡∏¢‡∏π‡πà‡πÉ‡∏ô ‡∏à.‡πÄ‡∏ä‡∏µ‡∏¢‡∏á‡πÉ‡∏´‡∏°‡πà ‡∏≠.‡πÅ‡∏°‡πà‡πÅ‡∏ï‡∏á
‡∏°‡∏µ‡∏ö‡πâ‡∏≤‡∏ô‡∏û‡∏±‡∏Å‡πÉ‡∏´‡πâ‡∏ö‡∏£‡∏¥‡∏Å‡∏≤‡∏£‡∏Ñ‡πà‡∏∞ ‡∏°‡∏≠‡∏á‡∏≠‡∏≠‡∏Å‡πÑ‡∏õ‡∏î‡πâ‡∏≤‡∏ô‡∏´‡∏ô‡πâ‡∏≤‡∏à‡∏∞‡πÄ‡∏õ‡πá‡∏ô‡∏ß‡∏¥‡∏ß‡∏†‡∏π‡πÄ‡∏Ç‡∏≤‡∏™‡∏ß‡∏¢‡∏°‡∏≤‡∏Å
‡∏ö‡∏£‡∏£‡∏¢‡∏≤‡∏Å‡∏≤‡∏®‡∏Ñ‡∏∑‡∏≠‡∏î‡∏µ‡∏™‡∏∏‡∏î‡πÜ ‡∏ô‡πà‡∏≤‡πÑ‡∏õ‡∏û‡∏±‡∏Å‡∏°‡∏≤‡∏Å‡∏Ñ‡πà‡∏∞
‡πÅ‡∏ï‡πà‡πÄ‡∏£‡∏≤‡πÅ‡∏Ñ‡πà‡πÑ‡∏õ‡πÅ‡∏ß‡∏∞‡∏Å‡∏¥‡∏ô ‡∏Å‡∏±‡∏ö‡∏ñ‡πà‡∏≤‡∏¢‡∏£‡∏π‡∏õ‡πÄ‡∏ó‡πà‡∏≤‡∏ô‡∏±‡πâ‡∏ô‡∏ô‡∏∞

[‡∏≠‡∏≤‡∏´‡∏≤‡∏£]
‡πÄ‡∏ß‡∏•‡∏≤‡∏™‡∏±‡πà‡∏á‡πÉ‡∏´‡πâ‡πÑ‡∏õ‡πÄ‡∏Ç‡∏µ‡∏¢‡∏ô‡πÄ‡∏°‡∏ô‡∏π‡∏ï‡∏£‡∏á‡πÇ‡∏ï‡πä‡∏∞‡∏ó‡∏µ‡πà‡πÑ‡∏ß‡πâ‡∏™‡∏±‡πà‡∏á‡∏≠‡∏≤‡∏´‡∏≤‡∏£‡∏Ñ‡πà‡∏∞
‡∏°‡∏µ‡πÄ‡∏°‡∏ô‡∏π‡πÑ‡∏°‡πà‡πÄ‡∏¢‡∏≠‡∏∞‡∏°‡∏≤‡∏Å‡∏ô‡∏∞
‡πÄ‡∏£‡∏≤‡∏™‡∏±‡πà‡∏á‡∏¢‡∏≠‡∏î‡∏ä‡∏≤‡∏ó‡∏≠‡∏î‡∏Å‡∏£‡∏≠‡∏ö(69 ‡∏ö‡∏≤‡∏ó) ‡∏Å‡∏±‡∏ö ‡∏¢‡∏≥‡πÉ‡∏ö‡∏ä‡∏≤‡∏ó‡∏π‡∏ô‡πà‡∏≤(139 ‡∏ö‡∏≤‡∏ó)
‡∏¢‡∏≠‡∏î‡∏ä‡∏≤‡∏ó‡∏≠‡∏î‡∏Å‡∏£‡∏≠‡∏ö‡∏Å‡πá‡πÅ‡∏ö‡∏ö‡πÑ‡∏°‡πà‡∏°‡∏µ‡∏£‡∏™‡∏ä‡∏≤‡∏ï‡∏¥‡∏ô‡∏∞ ‡∏°‡∏µ‡πÅ‡∏ï‡πà‡∏£‡∏™‡∏ô‡πâ‡∏≥‡∏à‡∏¥‡πâ‡∏°‡∏ô‡∏±‡πâ‡∏ô‡πÅ‡∏´‡∏•‡∏∞
‡πÅ‡∏ï‡πà‡∏Å‡πá‡πÄ‡∏Ñ‡∏µ‡πâ‡∏¢‡∏ß‡πÄ‡∏û‡∏•‡∏¥‡∏ô‡∏î‡∏µ ‡∏°‡∏±‡∏ô‡∏Å‡∏£‡∏≠‡∏ö‡πÅ‡∏ö‡∏ö‡∏Å‡∏£‡∏≠‡∏ö‡∏°‡∏≤‡∏Å
‡∏¢‡∏≥‡∏ó‡∏π‡∏ô‡πà‡∏≤‡∏£‡∏™‡∏ä‡∏≤‡∏ï‡∏¥‡∏î‡∏µ‡∏°‡∏≤‡∏Å‡πÄ‡∏•‡∏¢‡∏ô‡∏∞ ‡πÄ‡∏£‡∏≤‡∏ä‡∏≠‡∏ö‡∏°‡∏≤‡∏Å ‡πÅ‡∏ï‡πà‡πÄ‡∏ú‡πá‡∏î‡πÑ‡∏õ‡∏ô‡∏¥‡∏™‡∏ô‡∏∂‡∏á
‡∏ó‡∏µ‡πà‡∏ô‡∏µ‡πâ‡∏°‡∏µ‡∏ô‡πâ‡∏≥‡πÄ‡∏õ‡∏•‡πà‡∏≤‡∏ü‡∏£‡∏µ ‡∏ô‡πâ‡∏≥‡πÅ‡∏Ç‡πá‡∏á‡∏ü‡∏£‡∏µ‡∏ô‡∏∞‡∏Ñ‡∏∞ ‡∏ö‡∏£‡∏¥‡∏Å‡∏≤‡∏£‡∏ï‡∏±‡∏ß‡πÄ‡∏≠‡∏á‡πÄ‡∏•‡∏¢

[‡∏ñ‡πà‡∏≤‡∏¢‡∏†‡∏≤‡∏û]
‡∏ä‡∏∏‡∏î‡∏ó‡∏µ‡πà‡πÄ‡∏´‡∏°‡∏≤‡∏∞‡∏™‡∏≥‡∏´‡∏£‡∏±‡∏ö‡∏Å‡∏≤‡∏£‡∏°‡∏≤‡∏ñ‡πà‡∏≤‡∏¢‡∏ô‡πà‡∏≤‡∏à‡∏∞‡πÅ‡∏ô‡∏ß‡πÜ‡∏Å‡∏£‡∏∞‡πÇ‡∏õ‡∏£‡∏á
‡πÑ‡∏°‡πà‡∏Å‡πá‡∏ä‡∏∏‡∏î‡∏û‡∏∑‡πâ‡∏ô‡πÄ‡∏°‡∏∑‡∏≠‡∏á‡∏ô‡∏∞ ‡πÉ‡∏™‡πà‡πÅ‡∏•‡πâ‡∏ß‡∏™‡∏ß‡∏¢‡∏î‡∏µ
‡∏°‡∏µ‡∏ï‡∏£‡∏∞‡∏Å‡∏£‡πâ‡∏≤‡∏ó‡∏µ‡πà‡πÄ‡∏Å‡πá‡∏ö‡πÉ‡∏ö‡∏ä‡∏≤‡∏™‡∏≤‡∏°‡∏≤‡∏£‡∏ñ‡∏¢‡∏∑‡∏°‡πÑ‡∏õ‡πÄ‡∏õ‡πá‡∏ô‡∏û‡∏£‡πä‡∏≠‡∏ö‡∏ñ‡πà‡∏≤‡∏¢‡∏£‡∏π‡∏õ‡πÑ‡∏î‡πâ‡∏ô‡∏∞
‡πÅ‡∏ï‡πà‡∏ñ‡πà‡∏≤‡∏¢‡πÄ‡∏™‡∏£‡πá‡∏à‡πÅ‡∏•‡πâ‡∏ß‡∏ô‡∏≥‡∏°‡∏≤‡πÄ‡∏Å‡πá‡∏ö‡πÑ‡∏ß‡πâ‡∏ó‡∏µ‡πà‡πÄ‡∏î‡∏¥‡∏°‡∏î‡πâ‡∏ß‡∏¢‡∏ô‡∏∞‡∏Ñ‡∏∞

‡∏Ñ‡∏ß‡∏≤‡∏°‡∏õ‡∏£‡∏∞‡∏ó‡∏±‡∏ö‡πÉ‡∏à‡∏ó‡∏µ‡πà‡∏ô‡∏µ‡πâ‡πÅ‡∏ö‡∏ö 10/10 ‡πÄ‡∏•‡∏¢‡∏≠‡πà‡∏≤
‡πÄ‡∏û‡∏£‡∏≤‡∏∞‡πÅ‡∏ö‡∏ö‡πÄ‡∏á‡∏µ‡∏¢‡∏ö‡∏™‡∏á‡∏ö ‡∏ß‡∏¥‡∏ß‡∏™‡∏ß‡∏¢ ‡∏≠‡∏≤‡∏´‡∏≤‡∏£‡∏Å‡πá‡∏£‡∏™‡∏ä‡∏≤‡∏ï‡∏¥‡πÇ‡∏≠‡πÄ‡∏Ñ
‡πÄ‡∏õ‡πá‡∏ô‡∏™‡∏ñ‡∏≤‡∏ô‡∏ó‡∏µ‡πà‡∏ó‡∏µ‡πà‡πÄ‡∏´‡∏°‡∏≤‡∏∞‡∏Å‡∏±‡∏ö‡∏Ñ‡∏≥‡∏ß‡πà‡∏≤‡∏û‡∏±‡∏Å‡∏ú‡πà‡∏≠‡∏ô‡∏°‡∏≤‡∏Å‡∏Ñ‡πà‡∏∞"
36,"‡∏Å‡∏¥‡∏à‡∏Å‡∏£‡∏£‡∏°‡πÅ‡∏ô‡∏∞‡∏ô‡∏≥: ‡∏ä‡∏°‡∏õ‡∏£‡∏∞‡∏ß‡∏±‡∏ï‡∏¥‡∏®‡∏≤‡∏™‡∏ï‡∏£‡πå‡∏ó‡∏≤‡∏á‡πÇ‡∏ö‡∏£‡∏≤‡∏ì‡∏Ñ‡∏î‡∏µ, ‡πÄ‡∏î‡∏¥‡∏ô‡πÄ‡∏•‡πà‡∏ô‡∏ä‡∏°‡∏ß‡∏¥‡∏ß, ‡∏ñ‡πà‡∏≤‡∏¢‡∏£‡∏π‡∏õ‡∏£‡∏∞‡∏¢‡∏∞‡πÄ‡∏ß‡∏•‡∏≤‡∏ó‡∏µ‡πà‡πÉ‡∏ä‡πâ‡∏Å‡∏±‡∏ö‡∏™‡∏ñ‡∏≤‡∏ô‡∏ó‡∏µ‡πà‡∏ô‡∏µ‡πâ: ‡∏ï‡πà‡∏≥‡∏Å‡∏ß‡πà‡∏≤ 1 ‡∏ä‡∏±‡πà‡∏ß‡πÇ‡∏°‡∏á","‡∏°‡∏≤‡πÄ‡∏î‡∏¥‡∏ô Canopy walkway ‡∏ó‡∏µ‡πà‡∏≠‡∏¢‡∏π‡πà‡πÉ‡∏ô‡∏™‡∏ß‡∏ô‡∏û‡∏§‡∏Å‡∏©‡∏®‡∏≤‡∏™‡∏ï‡∏£‡πå‡∏™‡∏°‡πÄ‡∏î‡πá‡∏à‡∏û‡∏£‡∏∞‡∏ô‡∏≤‡∏á‡πÄ‡∏à‡πâ‡∏≤
‡∏™‡∏¥‡∏£‡∏¥‡∏Å‡∏¥‡∏ï‡∏¥‡πå‡πÄ‡∏õ‡πá‡∏ô‡∏ó‡∏≤‡∏á‡πÄ‡∏î‡∏¥‡∏ô‡∏•‡∏≠‡∏¢‡∏ü‡πâ‡∏≤‡∏ó‡∏µ‡πà‡∏°‡∏µ‡∏Ñ‡∏ß‡∏≤‡∏°‡∏¢‡∏≤‡∏ß‡∏Å‡∏ß‡πà‡∏≤ 400 ‡πÄ‡∏°‡∏ï‡∏£ ‡πÅ‡∏•‡∏∞‡∏™‡∏π‡∏á‡∏à‡∏≤‡∏Å‡∏û‡∏∑‡πâ‡∏ô‡∏î‡∏¥‡∏ô 20 ‡πÄ‡∏°‡∏ï‡∏£ ‡∏™‡∏π‡∏á‡∏à‡∏≤‡∏Å‡∏£‡∏∞‡∏î‡∏±‡∏ö‡∏ô‡πâ‡∏≥‡∏ó‡∏∞‡πÄ‡∏• 800 ‡πÄ‡∏°‡∏ï‡∏£ ‡∏ï‡∏±‡∏ß‡∏ó‡∏≤‡∏á‡πÄ‡∏î‡∏¥‡∏ô‡∏à‡∏∞‡∏ú‡πà‡∏≤‡∏ô‡∏ï‡πâ‡∏ô‡πÑ‡∏°‡πâ‡πÉ‡∏´‡∏ç‡πà‡∏ô‡∏≤‡∏ô‡∏≤‡∏ä‡∏ô‡∏¥‡∏î ‡πÄ‡∏î‡∏¥‡∏ô‡∏ä‡∏°‡∏ß‡∏¥‡∏ß‡πÑ‡∏õ‡πÄ‡∏û‡∏•‡∏¥‡∏ô‡πÜ ‡∏ó‡∏≤‡∏á‡πÄ‡∏î‡∏¥‡∏ô‡∏à‡∏∞‡∏°‡∏µ‡∏£‡∏±‡πâ‡∏ß‡∏Å‡∏±‡∏ô‡∏î‡πâ‡∏≤‡∏ô‡∏Ç‡πâ‡∏≤‡∏á‡∏Å‡∏±‡∏ô‡∏ï‡∏Å ‡πÉ‡∏´‡πâ‡∏Ñ‡∏ß‡∏≤‡∏°‡∏£‡∏π‡πâ‡∏™‡∏∂‡∏Å‡∏õ‡∏•‡∏≠‡∏î‡∏†‡∏±‡∏¢‡∏î‡∏µ ‡πÅ‡∏•‡∏∞‡∏°‡∏µ‡∏û‡∏∑‡πâ‡∏ô‡∏Å‡∏£‡∏∞‡∏à‡∏Å‡πÉ‡∏ô‡∏ö‡∏£‡∏¥‡πÄ‡∏ß‡∏ì‡∏à‡∏∏‡∏î‡∏ä‡∏°‡∏ß‡∏¥‡∏ß‡πÉ‡∏´‡πâ‡πÄ‡∏£‡∏≤‡∏°‡∏≠‡∏á‡∏•‡∏á‡πÑ‡∏õ‡∏î‡πâ‡∏≤‡∏ô‡∏•‡πà‡∏≤‡∏á‡πÑ‡∏î‡πâ ‡∏™‡∏≥‡∏´‡∏£‡∏±‡∏ö‡∏Ñ‡∏ô‡∏Å‡∏•‡∏±‡∏ß‡∏Ñ‡∏ß‡∏≤‡∏°‡∏™‡∏π‡∏á‡∏Å‡πá‡∏à‡∏∞‡∏£‡∏π‡πâ‡∏™‡∏∂‡∏Å‡∏´‡∏ß‡∏¥‡∏ß‡πÜ‡πÄ‡∏•‡πá‡∏Å‡∏ô‡πâ‡∏≠‡∏¢ 
‡∏Ñ‡πà‡∏≤‡πÄ‡∏Ç‡πâ‡∏≤‡∏ú‡∏π‡πâ‡πÉ‡∏´‡∏ç‡πà 40 ‡∏ö‡∏≤‡∏ó ‡∏£‡∏ñ‡∏¢‡∏ô‡∏ï‡πå 100 ‡∏ö‡∏≤‡∏ó‡∏£‡∏ß‡∏°‡∏Ñ‡∏ô‡∏Ç‡∏±‡∏ö"
37,‡∏Å‡∏¥‡∏à‡∏Å‡∏£‡∏£‡∏°‡πÅ‡∏ô‡∏∞‡∏ô‡∏≥: ‡∏ñ‡πà‡∏≤‡∏¢‡∏†‡∏≤‡∏û‡∏Å‡∏±‡∏ö‡∏î‡∏≠‡∏Å‡∏ó‡∏≤‡∏ô‡∏ï‡∏∞‡∏ß‡∏±‡∏ô‡∏£‡∏∞‡∏¢‡∏∞‡πÄ‡∏ß‡∏•‡∏≤‡∏ó‡∏µ‡πà‡πÉ‡∏ä‡πâ‡∏Å‡∏±‡∏ö‡∏™‡∏ñ‡∏≤‡∏ô‡∏ó‡∏µ‡πà‡∏ô‡∏µ‡πâ: ‡∏ï‡πà‡∏≥‡∏Å‡∏ß‡πà‡∏≤ 1 ‡∏ä‡∏±‡πà‡∏ß‡πÇ‡∏°‡∏á,‡πÅ‡∏ß‡∏∞‡πÄ‡∏Ç‡πâ‡∏≤‡∏°‡∏≤‡∏ï‡∏≠‡∏ô‡πÄ‡∏¢‡πá‡∏ô‡πÜ‡πÅ‡∏•‡πâ‡∏ß ‡∏ù‡∏ô‡∏ï‡∏Å‡πÄ‡∏•‡∏¢‡πÑ‡∏°‡πà‡πÑ‡∏î‡πâ‡πÄ‡∏•‡πà‡∏ô‡∏Å‡∏¥‡∏à‡∏Å‡∏£‡∏£‡∏°‡∏≠‡∏∞‡πÑ‡∏£ ‡∏°‡∏≤‡∏à‡∏≠‡∏î‡∏ï‡∏£‡∏á‡∏à‡∏∏‡∏î‡∏ä‡∏°‡∏ß‡∏¥‡∏ß‡πÑ‡∏£‡πà‡∏ä‡∏≤ ‡∏°‡∏µ‡∏Ñ‡∏≤‡πÄ‡∏ü‡πà‡πÅ‡∏•‡∏∞‡∏£‡πâ‡∏≤‡∏ô‡∏≠‡∏≤‡∏´‡∏≤‡∏£ ‡∏´‡∏•‡∏±‡∏á‡∏ù‡∏ô‡∏ï‡∏Å‡∏ö‡∏£‡∏£‡∏¢‡∏≤‡∏Å‡∏≤‡∏®‡∏î‡∏µ ‡∏ß‡∏¥‡∏ß‡πÄ‡∏õ‡πá‡∏ô‡πÑ‡∏£‡πà‡∏ä‡∏≤‡∏Ç‡∏±‡πâ‡∏ô‡∏ö‡∏±‡∏ô‡πÑ‡∏î ‡πÄ‡∏ô‡∏∑‡πâ‡∏≠‡∏ó‡∏µ‡πà‡∏Å‡∏ß‡πâ‡∏≤‡∏á‡∏Ç‡∏ß‡∏≤‡∏á ‡∏à‡∏±‡∏î‡∏£‡∏∞‡πÄ‡∏ö‡∏µ‡∏¢‡∏ö‡πÑ‡∏î‡πâ‡∏î‡∏µ ‡∏°‡∏µ‡∏ó‡∏µ‡πà‡∏à‡∏≠‡∏î‡∏£‡∏ñ‡πÄ‡∏¢‡∏≠‡∏∞‡∏™‡∏∞‡∏î‡∏ß‡∏Å‡∏Å‡∏±‡∏ö‡∏•‡∏π‡∏Å‡∏Ñ‡πâ‡∏≤‡∏ó‡∏µ‡πà‡πÅ‡∏ß‡∏∞‡πÄ‡∏Ç‡πâ‡∏≤‡∏°‡∏≤
38,"‡∏Å‡∏¥‡∏à‡∏Å‡∏£‡∏£‡∏°‡πÅ‡∏ô‡∏∞‡∏ô‡∏≥: ‡∏ñ‡πà‡∏≤‡∏¢‡∏£‡∏π‡∏õ, ‡∏ä‡∏°‡πÑ‡∏£‡πà‡∏ä‡∏≤‡∏£‡∏∞‡∏¢‡∏∞‡πÄ‡∏ß‡∏•‡∏≤‡∏ó‡∏µ‡πà‡πÉ‡∏ä‡πâ‡∏Å‡∏±‡∏ö‡∏™‡∏ñ‡∏≤‡∏ô‡∏ó‡∏µ‡πà‡∏ô‡∏µ‡πâ: 1 - 2 ‡∏ä‡∏±‡πà‡∏ß‡πÇ‡∏°‡∏á","‡πÑ‡∏°‡πà‡πÑ‡∏î‡πâ‡∏°‡∏≤‡πÄ‡∏î‡∏¥‡∏ô canopy walk ‡∏à‡∏∂‡∏á‡∏Ç‡∏±‡∏ö‡∏£‡∏ñ‡πÄ‡∏Ç‡πâ‡∏≤‡∏°‡∏≤‡∏î‡πâ‡∏≤‡∏ô‡πÉ‡∏ô ‡∏î‡∏π‡∏ï‡πâ‡∏ô‡πÑ‡∏°‡πâ‡πÉ‡∏ô‡πÇ‡∏î‡∏°‡∏Å‡∏£‡∏∞‡∏à‡∏Å‡∏´‡∏•‡∏±‡∏á‡∏ï‡πà‡∏≤‡∏á‡πÜ ‡∏°‡∏µ‡∏ï‡πâ‡∏ô‡πÑ‡∏°‡πâ‡∏î‡∏≠‡∏Å‡πÑ‡∏°‡πâ‡∏ó‡∏µ‡πà‡πÅ‡∏õ‡∏•‡∏Å‡∏ï‡∏≤ ‡πÑ‡∏°‡πà‡πÄ‡∏Ñ‡∏¢‡πÄ‡∏´‡πá‡∏ô‡∏°‡∏≤‡∏Å‡πà‡∏≠‡∏ô‡πÄ‡∏¢‡∏≠‡∏∞‡πÅ‡∏¢‡∏∞‡πÄ‡∏•‡∏¢ ‡πÄ‡∏î‡∏¥‡∏ô‡∏°‡∏≤‡∏à‡∏ô‡∏ñ‡∏∂‡∏á‡πÇ‡∏ã‡∏ô‡∏Å‡∏£‡∏∞‡∏ö‡∏≠‡∏á‡πÄ‡∏û‡∏ä‡∏£‡∏ó‡∏£‡∏á‡∏Å‡∏•‡∏°‡∏≠‡∏±‡∏ô‡πÉ‡∏´‡∏ç‡πà ‡∏≠‡∏•‡∏±‡∏á‡∏Å‡∏≤‡∏£‡∏°‡∏≤‡∏Å 

‡∏ï‡πà‡∏≠‡∏°‡∏≤‡∏≠‡∏µ‡∏Å‡∏à‡∏∞‡πÄ‡∏õ‡πá‡∏ô‡πÇ‡∏ã‡∏ô‡∏õ‡πà‡∏≤‡πÜ ‡πÄ‡∏Ç‡πâ‡∏≤‡∏°‡∏≤‡∏°‡∏µ‡∏ï‡πâ‡∏ô‡πÑ‡∏°‡πâ‡∏°‡∏≤‡∏Å‡∏°‡∏≤‡∏¢ ‡∏ä‡∏∑‡πâ‡∏ô‡πÜ‡∏´‡∏ô‡πà‡∏≠‡∏¢ ‡∏°‡∏µ‡∏ô‡πâ‡∏≥‡∏ï‡∏Å‡πÄ‡∏•‡πá‡∏Å‡πÜ ‡∏°‡∏µ‡∏ó‡∏≤‡∏á‡πÄ‡∏î‡∏¥‡∏ô‡πÑ‡∏°‡πâ ‡∏°‡∏µ‡∏™‡∏∞‡∏û‡∏≤‡∏ô‡πÉ‡∏´‡πâ‡∏ñ‡πà‡∏≤‡∏¢‡∏£‡∏π‡∏õ 

‡∏≠‡∏≤‡∏Å‡∏≤‡∏®‡∏Å‡πá‡∏à‡∏∞‡∏£‡πâ‡∏≠‡∏ô‡πÜ‡∏≠‡πâ‡∏≤‡∏ß‡πÜ‡∏ô‡∏¥‡∏î‡∏ô‡∏∂‡∏á 

‡∏Å‡πà‡∏≠‡∏ô‡∏Å‡∏•‡∏±‡∏ö‡πÑ‡∏î‡πâ‡πÅ‡∏ß‡∏∞‡∏Å‡∏¥‡∏ô‡∏≠‡∏≤‡∏´‡∏≤‡∏£‡πÅ‡∏ñ‡∏ß‡∏•‡∏≤‡∏ô‡∏à‡∏≠‡∏î‡∏£‡∏ñ ‡πÑ‡∏°‡πà‡∏õ‡∏£‡∏∞‡∏ó‡∏±‡∏ö‡πÉ‡∏à‡∏™‡πà‡∏ß‡∏ô‡∏ô‡∏µ‡πâ‡πÄ‡∏•‡∏¢ ‡∏£‡∏≠‡∏ô‡∏≤‡∏ô‡∏°‡∏≤‡∏Å 

#Wongnaisongkran2023"
39,4.4 38 ‡πÄ‡∏£‡∏ï‡∏ï‡∏¥‡πâ‡∏á (32 ‡∏£‡∏µ‡∏ß‡∏¥‡∏ß)‡∏≠‡∏∏‡∏ó‡∏¢‡∏≤‡∏ô‡πÅ‡∏•‡∏∞‡∏ò‡∏£‡∏£‡∏°‡∏ä‡∏≤‡∏ï‡∏¥‚Ä¢‡πÑ‡∏°‡πà‡∏°‡∏µ‡∏Ñ‡πà‡∏≤‡πÄ‡∏Ç‡πâ‡∏≤‡∏ä‡∏°‡∏õ‡∏¥‡∏î‡∏≠‡∏¢‡∏π‡πà‡∏à‡∏∞‡πÄ‡∏õ‡∏¥‡∏î‡πÉ‡∏ô‡πÄ‡∏ß‡∏•‡∏≤ 08:00,"‡∏ó‡∏£‡∏¥‡∏õ‡∏ó‡∏î‡∏™‡∏≠‡∏ö‡∏Å‡∏≥‡∏•‡∏±‡∏á‡∏Ç‡∏≠‡∏á‡∏Ñ‡∏∏‡∏ì‡πÅ‡∏°‡πà‡∏ß‡∏±‡∏¢ 72 ‡∏õ‡∏µ
‡∏ó‡∏µ‡πà‡∏≠‡∏¢‡∏π‡πà‡∏ö‡πâ‡∏≤‡∏ô‡πÑ‡∏°‡πà‡∏õ‡∏ß‡∏î‡∏Ç‡∏≤‡∏Å‡πá‡∏õ‡∏ß‡∏î‡∏´‡∏±‡∏ß ‡πÑ‡∏°‡πà‡∏õ‡∏ß‡∏î‡∏´‡∏±‡∏ß‡∏Å‡πá‡∏õ‡∏ß‡∏î‡∏´‡∏•‡∏±‡∏á
‡∏û‡∏≤‡∏°‡∏≤‡πÄ‡∏î‡∏¥‡∏ô‡∏™‡∏≥‡∏£‡∏ß‡∏à‡∏õ‡πà‡∏≤ ‡∏£‡∏±‡∏ö‡∏≠‡∏≤‡∏Å‡∏≤‡∏®‡∏ö‡∏£‡∏¥‡∏™‡∏∏‡∏ó‡∏ò‡∏¥‡πå‡∏ó‡∏µ‡πà‡∏ó‡∏≤‡∏á‡πÄ‡∏î‡∏¥‡∏ô‡πÄ‡∏´‡∏ô‡∏∑‡∏≠‡∏¢‡∏≠‡∏î‡πÑ‡∏°‡πâ‡∏Å‡πà‡∏≠‡∏ô‡πÄ‡∏•‡∏¢ ‡∏ï‡∏≠‡∏ô‡πÅ‡∏£‡∏Å‡∏ô‡∏∂‡∏Å‡∏ß‡πà‡∏≤‡∏ó‡∏≤‡∏á‡πÄ‡∏î‡∏¥‡∏ô‡∏à‡∏∞‡πÑ‡∏Å‡∏•‡∏°‡∏≤‡∏Å ‡∏ö‡∏≠‡∏Å‡πÅ‡∏°‡πà‡∏ï‡∏•‡∏≠‡∏î‡∏ó‡∏≤‡∏á‡∏ß‡πà‡∏≤‡πÑ‡∏°‡πà‡πÑ‡∏´‡∏ß‡πÄ‡∏î‡∏¥‡∏ô‡∏¢‡πâ‡∏≠‡∏ô‡∏Å‡∏•‡∏±‡∏ö‡πÑ‡∏î‡πâ‡∏ô‡∏∞ ‡∏™‡∏£‡∏∏‡∏õ‡πÄ‡∏î‡∏¥‡∏ô‡πÑ‡∏´‡∏ß‡∏Ñ‡πà‡∏∞ ‡∏ä‡∏°‡∏ô‡∏Å‡∏ä‡∏°‡πÑ‡∏°‡πâ ‡∏£‡∏±‡∏ö‡∏≠‡∏≤‡∏Å‡∏≤‡∏®‡∏î‡∏µ ‡πÜ ‡πÑ‡∏õ‡πÄ‡∏£‡∏∑‡πà‡∏≠‡∏¢ ‡πÜ ‡πÑ‡∏°‡πà‡∏£‡∏µ‡∏ö‡∏£‡πâ‡∏≠‡∏ô ‡πÄ‡∏î‡∏¥‡∏ô‡∏Ñ‡∏£‡∏ö‡∏à‡∏ö‡πÄ‡∏õ‡πá‡∏ô‡∏ß‡∏á‡∏Å‡∏•‡∏°‡πÑ‡∏î‡πâ‡πÄ‡∏â‡∏¢‡πÄ‡∏•‡∏¢ ‡πÅ‡∏ï‡πà‡∏ö‡∏≤‡∏á‡∏ä‡πà‡∏ß‡∏á‡∏à‡∏∞‡πÄ‡∏õ‡πá‡∏ô‡∏ó‡∏≤‡∏á‡∏•‡∏≤‡∏î ‡∏°‡∏µ‡∏Ç‡∏∂‡πâ‡∏ô‡∏ö‡∏±‡∏ô‡πÑ‡∏î ‡∏ï‡πâ‡∏≠‡∏á‡∏Ñ‡∏≠‡∏¢‡∏£‡∏∞‡∏ß‡∏±‡∏á‡∏ô‡∏¥‡∏î‡∏ô‡∏∂‡∏á‡∏Ñ‡πà‡∏∞
‡∏ï‡πà‡∏≠‡∏î‡πâ‡∏ß‡∏¢‡πÇ‡∏ã‡∏ô‡πÄ‡∏£‡∏∑‡∏≠‡∏ô‡∏Å‡∏£‡∏∞‡∏à‡∏Å ‡∏≠‡∏±‡∏ô‡∏ô‡∏µ‡πâ‡πÄ‡∏î‡∏¥‡∏ô‡∏™‡∏ö‡∏≤‡∏¢ ‡πÜ ‡πÄ‡∏Ç‡πâ‡∏≤‡πÇ‡∏£‡∏á‡πÄ‡∏£‡∏∑‡∏≠‡∏ô‡∏ô‡∏µ‡πâ ‡∏≠‡∏≠‡∏Å‡πÇ‡∏£‡∏á‡πÄ‡∏£‡∏∑‡∏≠‡∏ô‡∏ô‡∏±‡πâ‡∏ô ‡∏ñ‡∏π‡∏Å‡πÉ‡∏à‡∏™‡∏π‡∏á‡∏ß‡∏±‡∏¢‡∏™‡∏≤‡∏¢‡∏ñ‡πà‡∏≤‡∏¢‡∏£‡∏π‡∏õ‡πÄ‡∏•‡∏¢‡∏Ñ‡πà‡∏∞
‡∏ß‡∏±‡∏ô‡∏ô‡∏µ‡πâ‡∏°‡∏≤‡πÄ‡∏à‡∏≠‡∏ù‡∏ô‡∏ï‡∏Å‡∏Ñ‡πà‡∏∞ ‡∏ó‡∏≥‡πÉ‡∏´‡πâ‡∏°‡∏µ‡∏´‡∏°‡∏≠‡∏Å‡πÉ‡∏´‡πâ‡∏ä‡∏° ‡πÄ‡∏õ‡∏µ‡∏¢‡∏Å‡πÅ‡∏ï‡πà‡∏Ñ‡∏∏‡πâ‡∏°
‡πÑ‡∏õ‡πÅ‡∏Ñ‡πà 2 ‡πÇ‡∏ã‡∏ô‡∏ô‡∏µ‡πâ‡πÄ‡∏ó‡πà‡∏≤‡∏ô‡∏±‡πâ‡∏ô‡∏Ñ‡πà‡∏∞ ‡πÄ‡∏û‡∏£‡∏≤‡∏∞‡∏™‡∏°‡∏≤‡∏ä‡∏¥‡∏Å‡∏ö‡πà‡∏ô‡∏´‡∏¥‡∏ß‡∏Ç‡πâ‡∏≤‡∏ß‡∏Ñ‡πà‡∏∞ ‡πÄ‡∏û‡∏£‡∏≤‡∏∞‡πÉ‡∏ä‡πâ‡πÄ‡∏ß‡∏•‡∏≤‡∏≠‡∏¢‡∏π‡πà‡πÉ‡∏ô‡∏ô‡∏µ‡πâ 2 ‡∏ä‡∏±‡πà‡∏ß‡πÇ‡∏°‡∏á‡πÅ‡∏•‡πâ‡∏ß 
‡∏à‡∏ö‡∏ó‡∏£‡∏¥‡∏õ‡∏ó‡∏î‡∏™‡∏≠‡∏ö‡∏Å‡∏≥‡∏•‡∏±‡∏á‡∏Ñ‡∏∏‡∏ì‡πÅ‡∏°‡πà‡∏ú‡πà‡∏≤‡∏ô‡∏Å‡∏≤‡∏£‡∏ó‡∏î‡∏™‡∏≠‡∏ö‡∏ä‡πà‡∏ß‡∏á‡∏ó‡∏µ‡πà‡πÄ‡∏î‡∏¥‡∏ô‡πÑ‡∏°‡πà‡∏õ‡∏ß‡∏î‡∏Ç‡∏≤ ‡∏™‡∏ö‡∏≤‡∏¢ ‡∏™‡∏ô‡∏∏‡∏Å ‡∏™‡∏£‡∏∏‡∏õ‡∏õ‡∏ß‡∏î‡∏Ç‡∏≤‡∏ï‡∏≠‡∏ô‡∏Å‡∏•‡∏≤‡∏á‡∏Ñ‡∏∑‡∏ô‡πÅ‡∏ó‡∏ôüòÅüòÅ"
40,4.5 22 ‡πÄ‡∏£‡∏ï‡∏ï‡∏¥‡πâ‡∏á (20 ‡∏£‡∏µ‡∏ß‡∏¥‡∏ß)‡∏≠‡∏∏‡∏ó‡∏¢‡∏≤‡∏ô‡πÅ‡∏•‡∏∞‡∏ò‡∏£‡∏£‡∏°‡∏ä‡∏≤‡∏ï‡∏¥‚Ä¢‡∏Ñ‡πà‡∏≤‡πÄ‡∏Ç‡πâ‡∏≤‡∏ä‡∏°: ‡∏ø 90/‡∏Ñ‡∏ô‡∏õ‡∏¥‡∏î‡∏≠‡∏¢‡∏π‡πà‡∏à‡∏∞‡πÄ‡∏õ‡∏¥‡∏î‡πÉ‡∏ô‡πÄ‡∏ß‡∏•‡∏≤ 06:30,"#Wongnaisongkran2023

‡∏™‡∏ß‡∏ô‡πÅ‡∏°‡πà‡∏ü‡πâ‡∏≤‡∏´‡∏•‡∏ß‡∏á‡πÄ‡∏õ‡πá‡∏ô‡∏™‡∏ß‡∏ô‡∏î‡∏≠‡∏Å‡πÑ‡∏°‡πâ‡∏™‡∏∏‡∏î‡∏™‡∏ß‡∏¢ ‡∏û‡∏∑‡πâ‡∏ô‡∏ó‡∏µ‡πà‡∏Å‡∏ß‡πâ‡∏≤‡∏á‡∏Ç‡∏ß‡∏≤‡∏á ‡πÅ‡∏ö‡πà‡∏á‡πÄ‡∏õ‡πá‡∏ô‡πÇ‡∏ã‡∏ô‡∏ï‡πà‡∏≤‡∏á‡πÜ ‡πÑ‡∏°‡πà‡∏≠‡∏∂‡∏î‡∏≠‡∏±‡∏î ‡πÉ‡∏Ñ‡∏£‡πÑ‡∏õ‡πÄ‡∏ó‡∏µ‡πà‡∏¢‡∏ß‡∏à‡∏±‡∏á‡∏´‡∏ß‡∏±‡∏î‡πÄ‡∏ä‡∏µ‡∏¢‡∏á‡∏£‡∏≤‡∏¢‡∏´‡πâ‡∏≤‡∏°‡∏û‡∏•‡∏≤‡∏î ‡∏¢‡∏¥‡πà‡∏á‡∏ñ‡πâ‡∏≤‡πÉ‡∏Ñ‡∏£‡∏ä‡∏≠‡∏ö‡∏ñ‡πà‡∏≤‡∏¢‡∏£‡∏π‡∏õ‡∏Å‡∏±‡∏ö‡∏î‡∏≠‡∏Å‡πÑ‡∏°‡πâ‡∏ô‡∏≤‡∏ô‡∏≤‡∏û‡∏±‡∏ô‡∏ò‡∏∏‡πå‡∏™‡∏µ‡∏™‡∏±‡∏ô‡∏™‡∏î‡πÉ‡∏™‡πÅ‡∏•‡πâ‡∏ß‡∏¢‡∏¥‡πà‡∏á‡∏ï‡πâ‡∏≠‡∏á‡∏ñ‡∏π‡∏Å‡πÉ‡∏à ‡∏Ñ‡∏∑‡∏≠‡∏•‡∏∞‡∏•‡∏≤‡∏ô‡∏ï‡∏≤‡∏°‡∏≤‡∏Å ‡∏°‡∏µ‡∏î‡∏≠‡∏Å‡πÑ‡∏°‡πâ‡∏´‡∏•‡∏≤‡∏Å‡∏´‡∏•‡∏≤‡∏¢‡∏™‡∏≤‡∏¢‡∏û‡∏±‡∏ô‡∏ò‡∏∏‡πå‡∏ó‡∏±‡πâ‡∏á‡∏ó‡∏µ‡πà‡∏Ñ‡∏∏‡πâ‡∏ô‡πÄ‡∏Ñ‡∏¢‡πÅ‡∏•‡∏∞‡πÑ‡∏°‡πà‡πÄ‡∏Ñ‡∏¢‡πÄ‡∏´‡πá‡∏ô‡∏°‡∏≤‡∏Å‡πà‡∏≠‡∏ô ‡∏ú‡∏π‡πâ‡πÑ‡∏õ‡πÄ‡∏ó‡∏µ‡πà‡∏¢‡∏ß‡πÑ‡∏î‡πâ‡∏£‡∏±‡∏ö‡∏ó‡∏±‡πâ‡∏á‡∏Ñ‡∏ß‡∏≤‡∏°‡∏£‡∏∑‡πà‡∏ô‡∏£‡∏°‡∏¢‡πå‡πÅ‡∏•‡∏∞‡∏Ñ‡∏ß‡∏≤‡∏°‡∏£‡∏π‡πâ ‡∏™‡∏ñ‡∏≤‡∏ô‡∏ó‡∏µ‡πà‡πÑ‡∏î‡πâ‡∏£‡∏±‡∏ö‡∏Å‡∏≤‡∏£‡∏î‡∏π‡πÅ‡∏•‡πÄ‡∏õ‡πá‡∏ô‡∏≠‡∏¢‡πà‡∏≤‡∏á‡∏î‡∏µ ‡∏™‡∏∞‡∏≠‡∏≤‡∏î ‡πÑ‡∏°‡πà‡∏£‡∏Å‡∏£‡πâ‡∏≤‡∏á 

‡πÄ‡∏£‡∏≤‡πÑ‡∏õ‡πÄ‡∏ó‡∏µ‡πà‡∏¢‡∏ß‡∏ä‡πà‡∏ß‡∏á‡∏´‡∏ô‡πâ‡∏≤‡∏£‡πâ‡∏≠‡∏ô‡πÅ‡∏ö‡∏ö‡∏ô‡∏µ‡πâ ‡∏ï‡∏≠‡∏ô‡πÅ‡∏£‡∏Å‡∏Å‡πá‡πÅ‡∏≠‡∏ö‡∏Å‡∏•‡∏±‡∏ß‡∏ß‡πà‡∏≤‡∏à‡∏∞‡∏°‡∏µ‡∏î‡∏≠‡∏Å‡πÑ‡∏°‡πâ‡∏™‡∏ß‡∏¢‡πÜ ‡πÉ‡∏´‡πâ‡∏î‡∏π‡∏£‡∏∂‡πÄ‡∏õ‡∏•‡πà‡∏≤ ‡∏à‡∏∞‡∏Ñ‡∏∏‡πâ‡∏°‡∏Å‡∏±‡∏ö‡∏Å‡∏≤‡∏£‡∏Ç‡∏±‡∏ö‡∏Ç‡∏∂‡πâ‡∏ô‡πÑ‡∏õ‡∏ñ‡∏∂‡∏á‡∏ö‡∏ô‡∏î‡∏≠‡∏¢‡∏´‡∏£‡∏∑‡∏≠‡πÑ‡∏°‡πà ‡πÄ‡∏û‡∏£‡∏≤‡∏∞‡πÑ‡∏°‡πà‡πÉ‡∏ä‡πà‡∏´‡∏ô‡πâ‡∏≤‡∏´‡∏ô‡∏≤‡∏ß‡πÅ‡∏•‡πâ‡∏ß‡∏ó‡∏µ‡πà‡∏à‡∏∞‡∏°‡∏µ‡∏î‡∏≠‡∏Å‡πÑ‡∏°‡πâ‡πÄ‡∏°‡∏∑‡∏≠‡∏á‡∏´‡∏ô‡∏≤‡∏ß‡∏™‡∏≤‡∏£‡∏û‡∏±‡∏î‡∏™‡∏µ‡πÉ‡∏´‡πâ‡∏ä‡∏° ‡πÅ‡∏ï‡πà‡πÑ‡∏õ‡πÅ‡∏•‡πâ‡∏ß‡∏õ‡∏£‡∏∞‡∏ó‡∏±‡∏ö‡πÉ‡∏à‡∏°‡∏≤‡∏Å ‡∏¢‡∏±‡∏á‡∏°‡∏µ‡∏î‡∏≠‡∏Å‡πÑ‡∏°‡πâ‡∏™‡∏µ‡∏™‡∏ß‡∏¢‡∏°‡∏≤‡∏Å‡∏°‡∏≤‡∏¢‡πÉ‡∏´‡πâ‡∏ä‡∏°‡∏ï‡∏•‡∏≠‡∏î‡πÄ‡∏™‡πâ‡∏ô‡∏ó‡∏≤‡∏á‡πÄ‡∏î‡∏¥‡∏ô

‡∏ñ‡πâ‡∏≤‡πÉ‡∏Ñ‡∏£‡πÑ‡∏õ‡πÄ‡∏ó‡∏µ‡πà‡∏¢‡∏ß‡∏Å‡πá‡∏ä‡πà‡∏ß‡∏¢‡∏Å‡∏±‡∏ô‡∏î‡∏π‡πÅ‡∏•‡∏£‡∏±‡∏Å‡∏©‡∏≤‡∏™‡∏ñ‡∏≤‡∏ô‡∏ó‡∏µ‡πà‡πÉ‡∏´‡πâ‡∏™‡∏ß‡∏¢‡∏á‡∏≤‡∏° ‡∏™‡∏∞‡∏≠‡∏≤‡∏î‡∏ï‡∏≤ ‡∏≠‡∏¢‡πà‡∏≤‡∏ó‡∏≥‡∏•‡∏≤‡∏¢‡∏´‡∏£‡∏∑‡∏≠‡πÄ‡∏î‡πá‡∏î‡∏î‡∏≠‡∏Å‡πÑ‡∏°‡πâ‡πÄ‡∏•‡πà‡∏ô ‡∏Ñ‡πà‡∏≤‡πÄ‡∏Ç‡πâ‡∏≤‡πÑ‡∏°‡πà‡πÅ‡∏û‡∏á‡πÄ‡∏•‡∏¢‡πÄ‡∏°‡∏∑‡πà‡∏≠‡πÄ‡∏ó‡∏µ‡∏¢‡∏ö‡∏Å‡∏±‡∏ö‡∏ö‡∏£‡∏£‡∏¢‡∏≤‡∏Å‡∏≤‡∏®‡∏ó‡∏µ‡πà‡πÑ‡∏î‡πâ‡∏û‡∏ö‡πÄ‡∏´‡πá‡∏ô ‡∏°‡∏µ‡∏™‡πà‡∏ß‡∏ô‡∏•‡∏î‡∏™‡∏≥‡∏´‡∏£‡∏±‡∏ö‡∏ú‡∏π‡πâ‡∏™‡∏π‡∏á‡∏≠‡∏≤‡∏¢‡∏∏ ‡∏ô‡∏±‡∏Å‡πÄ‡∏£‡∏µ‡∏¢‡∏ô ‡∏ô‡∏±‡∏Å‡∏®‡∏∂‡∏Å‡∏©‡∏≤‡∏î‡πâ‡∏ß‡∏¢"
41,"‡∏Å‡∏¥‡∏à‡∏Å‡∏£‡∏£‡∏°‡πÅ‡∏ô‡∏∞‡∏ô‡∏≥: ‡∏ñ‡πà‡∏≤‡∏¢‡∏£‡∏π‡∏õ, ‡∏ä‡∏≤, ‡∏Å‡∏¥‡∏ô‡∏Ç‡∏ô‡∏°, ‡∏Ç‡∏≠‡∏á‡∏ù‡∏≤‡∏Å‡∏£‡∏∞‡∏¢‡∏∞‡πÄ‡∏ß‡∏•‡∏≤‡∏ó‡∏µ‡πà‡πÉ‡∏ä‡πâ‡∏Å‡∏±‡∏ö‡∏™‡∏ñ‡∏≤‡∏ô‡∏ó‡∏µ‡πà‡∏ô‡∏µ‡πâ: 1 - 2 ‡∏ä‡∏±‡πà‡∏ß‡πÇ‡∏°‡∏á","... ‡∏ß‡∏ô‡∏≠‡∏∏‡∏ó‡∏¢‡∏≤‡∏ô‡∏õ‡∏£‡∏≤‡∏ì‡∏ö‡∏∏‡∏£‡∏µ ‡∏ó‡∏µ‡πà‡∏ô‡∏µ‡πà‡πÄ‡∏õ‡πá‡∏ô‡πÅ‡∏´‡∏•‡πà‡∏á‡∏ó‡πà‡∏≠‡∏á‡πÄ‡∏ó‡∏µ‡πà‡∏¢‡∏ß‡πÅ‡∏•‡∏∞‡∏à‡∏∏‡∏î‡∏û‡∏±‡∏Å‡∏ú‡πà‡∏≠‡∏ô‡∏´‡∏¢‡πà‡∏≠‡∏ô‡πÉ‡∏à‡∏ó‡∏µ‡πà‡∏™‡πà‡∏ß‡∏ô‡∏ï‡∏±‡∏ß‡πÄ‡∏£‡∏≤‡∏ä‡∏≠‡∏ö‡∏°‡∏≤‡∏Å‡∏ô‡∏∞ ‡∏°‡∏µ‡∏Ñ‡∏£‡∏ö‡∏ó‡∏±‡πâ‡∏á‡∏ó‡∏¥‡∏ß‡∏™‡∏ô‡∏£‡πà‡∏°‡∏£‡∏∑‡πà‡∏ô ‡∏™‡∏≤‡∏°‡∏≤‡∏£‡∏ñ‡∏ô‡∏±‡πà‡∏á‡∏û‡∏±‡∏Å‡∏ï‡∏≤‡∏°‡∏à‡∏∏‡∏î‡∏ï‡πà‡∏≤‡∏á ‡πÜ ‡∏´‡∏•‡∏ö‡∏•‡∏°‡∏£‡πâ‡∏≠‡∏ô‡πÑ‡∏î‡πâ ‡∏´‡∏£‡∏∑‡∏≠‡∏à‡∏∞‡πÄ‡∏î‡∏¥‡∏ô‡πÄ‡∏•‡πà‡∏ô‡∏ä‡∏¥‡∏•‡∏•‡πå ‡πÜ ‡∏ï‡∏≠‡∏ô‡∏ô‡∏µ‡πâ‡∏°‡∏µ‡∏Ñ‡∏≤‡πÄ‡∏ü‡πà‡πÄ‡∏Ñ‡∏£‡∏∑‡πà‡∏≠‡∏á‡∏î‡∏∑‡πà‡∏°‡∏î‡πâ‡∏ß‡∏¢‡∏ô‡∏∞ ü§©ü§©ü§©

. . . ‡πÇ‡∏ã‡∏ô‡∏ó‡∏∞‡πÄ‡∏•‡πÅ‡∏•‡∏∞‡∏ä‡∏≤‡∏¢‡∏´‡∏≤‡∏î ‡∏°‡∏µ‡∏Ñ‡∏ß‡∏≤‡∏°‡∏™‡∏á‡∏ö‡πÅ‡∏•‡∏∞‡∏™‡∏ß‡∏¢‡∏á‡∏≤‡∏°‡πÉ‡∏ä‡πâ‡πÑ‡∏î‡πâ‡πÄ‡∏•‡∏¢ ‡∏≠‡∏µ‡∏Å‡∏ù‡∏±‡πà‡∏á‡∏°‡∏µ‡∏õ‡πà‡∏≤‡πÇ‡∏Å‡∏á‡∏Å‡∏≤‡∏á ‡∏™‡∏≤‡∏°‡∏≤‡∏£‡∏ñ‡πÄ‡∏î‡∏¥‡∏ô‡∏ä‡∏°‡∏®‡∏∂‡∏Å‡∏©‡∏≤‡∏ò‡∏£‡∏£‡∏°‡∏ä‡∏≤‡∏ï‡∏¥‡πÑ‡∏î‡πâ‡πÄ‡∏´‡∏°‡∏∑‡∏≠‡∏ô‡∏Å‡∏±‡∏ô ‡∏ã‡∏∂‡πà‡∏á‡πÄ‡∏£‡∏≤‡πÄ‡∏Ñ‡∏¢‡πÑ‡∏õ‡∏ö‡πà‡∏≠‡∏¢ ‡πÜ ‡πÅ‡∏•‡πâ‡∏ß ‡∏Ñ‡∏£‡∏±‡πâ‡∏á‡∏´‡∏•‡∏±‡∏á‡∏™‡∏∏‡∏î‡πÅ‡∏ß‡∏∞‡πÑ‡∏õ‡πÅ‡∏Ñ‡πà‡∏î‡πâ‡∏≤‡∏ô‡∏ó‡∏µ‡πà‡πÄ‡∏õ‡πá‡∏ô‡∏ó‡∏∞‡πÄ‡∏• ‡πÑ‡∏°‡πà‡∏°‡∏µ‡∏†‡∏≤‡∏û‡∏õ‡πà‡∏≤‡πÇ‡∏Å‡∏á‡∏Å‡∏≤‡∏á‡∏°‡∏≤‡∏•‡∏á‡πÉ‡∏´‡πâ‡∏î‡∏π‡∏ô‡∏∞ üòÑüòÑüòÑ

... ‡∏•‡∏≤‡∏ô‡∏Å‡∏≤‡∏á‡πÄ‡∏ï‡πá‡∏ô‡∏ó‡πå‡πÅ‡∏•‡∏∞‡∏ö‡πâ‡∏≤‡∏ô‡∏û‡∏±‡∏Å ‡∏™‡∏≤‡∏°‡∏≤‡∏£‡∏ñ‡∏ï‡∏¥‡∏î‡∏ï‡πà‡∏≠‡πÄ‡∏à‡πâ‡∏≤‡∏´‡∏ô‡πâ‡∏≤‡∏ó‡∏µ‡πà‡πÑ‡∏î‡πâ ‡∏†‡∏≤‡∏û‡∏£‡∏ß‡∏°‡∏™‡∏∞‡∏≠‡∏≤‡∏î‡∏î‡∏µ ‡∏°‡∏µ‡πÇ‡∏≠‡∏Å‡∏≤‡∏™‡∏•‡∏≠‡∏á‡πÅ‡∏ß‡∏∞‡πÑ‡∏õ‡∏û‡∏±‡∏Å‡∏ú‡πà‡∏≠‡∏ô‡∏Å‡∏±‡∏ô‡πÑ‡∏î‡πâ‡∏Ñ‡∏£‡∏±‡∏ö üëçüëçüëç"
42,"4.3 196 ‡πÄ‡∏£‡∏ï‡∏ï‡∏¥‡πâ‡∏á (153 ‡∏£‡∏µ‡∏ß‡∏¥‡∏ß)‡∏ä‡∏∏‡∏°‡∏ä‡∏ô, ‡πÑ‡∏£‡πà/‡∏ü‡∏≤‡∏£‡πå‡∏°/‡∏™‡∏ß‡∏ô‡πÄ‡∏Å‡∏©‡∏ï‡∏£, ‡∏†‡∏π‡πÄ‡∏Ç‡∏≤‚Ä¢‡πÑ‡∏°‡πà‡∏°‡∏µ‡∏Ñ‡πà‡∏≤‡πÄ‡∏Ç‡πâ‡∏≤‡∏ä‡∏°‡∏õ‡∏¥‡∏î‡∏≠‡∏¢‡∏π‡πà‡∏à‡∏∞‡πÄ‡∏õ‡∏¥‡∏î‡πÉ‡∏ô‡πÄ‡∏ß‡∏•‡∏≤ 06:00",‡∏°‡∏≤‡πÅ‡∏ß‡∏∞‡πÄ‡∏ï‡∏¥‡∏°‡∏û‡∏•‡∏±‡∏á‡∏ó‡∏µ‡πà‡πÑ‡∏£‡πà‡∏â‡∏≤‡∏â‡∏∏‡∏¢‡∏ü‡∏á‡∏Ñ‡πà‡∏∞ ‡∏°‡∏≤‡∏ó‡∏µ‡πà‡∏ô‡∏µ‡πà‡∏ó‡∏µ‡πÑ‡∏£ ‡∏Ñ‡∏ô‡πÄ‡∏¢‡∏≠‡∏∞‡∏ï‡∏•‡∏≠‡∏î ‡∏ó‡∏µ‡πà‡∏ô‡∏µ‡πà‡∏¢‡∏±‡∏á‡∏Ñ‡∏á‡πÄ‡∏´‡∏°‡∏∑‡∏≠‡∏ô‡πÄ‡∏î‡∏¥‡∏° ‡πÄ‡∏°‡∏ô‡∏π‡πÄ‡∏Ñ‡∏£‡∏∑‡πà‡∏≠‡∏á‡∏î‡∏∑‡πà‡∏°‡∏à‡∏∞‡πÄ‡∏õ‡πá‡∏ô‡∏ä‡∏≤ ‡πÅ‡∏•‡∏∞‡∏Ç‡∏ô‡∏°‡∏´‡∏ß‡∏≤‡∏ô‡∏ó‡∏µ‡πà‡∏ó‡∏≥‡∏à‡∏≤‡∏Å‡∏ä‡∏≤ ‡πÄ‡∏ä‡πà‡∏ô ‡πÑ‡∏≠‡∏®‡∏Å‡∏£‡∏µ‡∏° ‡πÄ‡∏Ñ‡πâ‡∏Å ‡πÄ‡∏Ñ‡∏£‡∏∑‡πà‡∏≠‡∏á‡∏î‡∏∑‡πà‡∏°‡πÅ‡∏•‡∏∞‡∏Ç‡∏ô‡∏°‡∏´‡∏ß‡∏≤‡∏ô‡πÉ‡∏´‡πâ‡∏£‡∏™‡∏ä‡∏≤‡πÄ‡∏Ç‡πâ‡∏°‡∏Ç‡πâ‡∏ô‡∏°‡∏≤‡∏Å‡πÜ ‡∏Ñ‡πà‡∏∞ ‡∏ó‡∏µ‡πà‡∏ô‡∏µ‡πà‡πÄ‡∏õ‡πá‡∏ô‡∏ó‡∏µ‡πà‡∏ú‡πà‡∏≠‡∏ô‡∏Ñ‡∏•‡∏≤‡∏¢‡∏≠‡∏µ‡∏Å‡∏ó‡∏µ‡πà‡∏´‡∏ô‡∏∂‡πà‡∏á‡πÉ‡∏´‡πâ‡πÄ‡∏£‡∏≤‡∏™‡∏≤‡∏°‡∏≤‡∏£‡∏ñ‡∏à‡∏¥‡∏ö‡∏ä‡∏≤ ‡πÄ‡∏ï‡∏¥‡∏°‡∏û‡∏•‡∏±‡∏á‡πÑ‡∏î‡πâ ‡∏Å‡πà‡∏≠‡∏ô‡πÄ‡∏î‡∏¥‡∏ô‡∏ó‡∏≤‡∏á‡πÑ‡∏õ‡πÄ‡∏ó‡∏µ‡πà‡∏¢‡∏ß‡∏ï‡πà‡∏≠‡∏Ñ‡πà‡∏≤
43,"‡∏Å‡∏¥‡∏à‡∏Å‡∏£‡∏£‡∏°‡πÅ‡∏ô‡∏∞‡∏ô‡∏≥: ‡πÄ‡∏î‡∏¥‡∏ô‡∏ó‡∏≤‡∏ô‡∏Ç‡∏≠‡∏á‡∏≠‡∏£‡πà‡∏≠‡∏¢‡∏£‡∏∞‡πÅ‡∏ß‡∏Å‡∏´‡∏°‡∏π‡πà‡∏ö‡πâ‡∏≤, ‡πÄ‡∏ó‡∏µ‡πà‡∏¢‡∏ß‡∏ô‡πâ‡∏≥‡∏ï‡∏Å, ‡πÄ‡∏ó‡∏µ‡πà‡∏¢‡∏ß‡∏Ñ‡∏≤‡πÄ‡∏ü‡πà, ‡πÄ‡∏Å‡πá‡∏ö‡∏†‡∏≤‡∏û‡∏ö‡∏£‡∏£‡∏¢‡∏≤‡∏Å‡∏≤‡∏®‚Äã ‡πÅ‡∏•‡∏∞‡∏Ñ‡∏ß‡∏≤‡∏°‡∏ó‡∏£‡∏á‡∏à‡∏≥‡∏£‡∏∞‡∏¢‡∏∞‡πÄ‡∏ß‡∏•‡∏≤‡∏ó‡∏µ‡πà‡πÉ‡∏ä‡πâ‡∏Å‡∏±‡∏ö‡∏™‡∏ñ‡∏≤‡∏ô‡∏ó‡∏µ‡πà‡∏ô‡∏µ‡πâ: ‡∏ï‡∏•‡∏≠‡∏î‡∏ó‡∏±‡πâ‡∏á‡∏ß‡∏±‡∏ô","‡πÄ‡∏î‡∏¥‡∏ô‡πÄ‡∏•‡πà‡∏ô‡πÅ‡∏°‡πà‡∏Å‡∏≥‡∏õ‡∏≠‡∏á‡∏¢‡∏≤‡∏°‡πÄ‡∏ä‡πâ‡∏≤
‡∏ñ‡∏ô‡∏ô‡πÄ‡∏•‡πá‡∏Å‡πÜ‡∏Å‡∏±‡∏ö‡∏≠‡∏≤‡∏Å‡∏≤‡∏®‡πÄ‡∏¢‡πá‡∏ô‡∏ä‡∏∑‡πâ‡∏ô‡∏™‡∏î‡∏ä‡∏∑‡πà‡∏ô‡πÉ‡∏à
‡πÄ‡∏î‡∏¥‡∏ô‡∏ö‡∏ô‡∏ñ‡∏ô‡∏ô‡πÄ‡∏™‡∏û‡∏ä‡∏°‡∏Å‡∏±‡∏ö‡∏ï‡πâ‡∏ô‡πÑ‡∏°‡πâ‡πÅ‡∏•‡∏∞‡∏ñ‡∏ô‡∏ô‡∏≠‡∏±‡∏ô‡∏Ñ‡∏î‡πÇ‡∏Ñ‡πâ‡∏á‡πÅ‡∏ï‡πà‡∏û‡∏≠‡∏á‡∏≤‡∏°
‡∏ö‡∏£‡∏£‡∏¢‡∏≤‡∏Å‡∏≤‡∏®‡∏¢‡∏≤‡∏°‡πÄ‡∏ä‡πâ‡∏≤‡∏ó‡∏µ‡πà‡∏¢‡∏±‡∏á‡πÄ‡∏á‡∏µ‡∏¢‡∏ö‡∏™‡∏á‡∏ö‡πÑ‡∏£‡πâ‡∏Ñ‡∏•‡∏∑‡πà‡∏ô‡∏Ñ‡∏ô
‡πÑ‡∏£‡πâ‡∏£‡∏ñ‡∏ú‡πà‡∏≤‡∏ô‡∏°‡∏µ‡πÅ‡∏ï‡πà‡∏£‡∏ñ‡πÇ‡∏î‡∏¢‡∏™‡∏≤‡∏¢‡∏ó‡∏µ‡πà‡∏ô‡∏≤‡∏ô‡πÜ‡∏à‡∏∞‡∏ú‡πà‡∏≤‡∏ô‡∏°‡∏≤‡∏™‡∏±‡∏Å‡∏Ñ‡∏±‡∏ô
‡πÅ‡∏ï‡πà‡∏•‡∏∞‡∏ö‡πâ‡∏≤‡∏ô‡∏ö‡πâ‡∏≤‡∏á‡∏Å‡πá‡∏û‡∏≠‡∏°‡∏µ‡πÄ‡∏™‡∏µ‡∏¢‡∏á‡πÅ‡∏•‡∏∞‡πÅ‡∏™‡∏á‡πÑ‡∏ü‡∏≠‡πà‡∏≠‡∏ô‡∏à‡∏≤‡∏Å‡∏ó‡πâ‡∏≤‡∏¢‡∏Ñ‡∏£‡∏±‡∏ß
‡πÅ‡∏•‡∏∞‡∏Å‡∏•‡∏¥‡πà‡∏ô‡∏Ç‡πâ‡∏≤‡∏ß‡∏™‡∏∏‡∏Å‡πÇ‡∏ä‡∏¢‡∏°‡∏≤‡∏≠‡πà‡∏≠‡∏ô‡πÜ‡πÉ‡∏´‡πâ‡∏û‡∏≠‡∏£‡∏π‡πâ‡∏ß‡πà‡∏≤‡πÅ‡∏°‡πà‡∏ö‡πâ‡∏≤‡∏ô‡∏ï‡∏∑‡πà‡∏ô‡πÅ‡∏•‡πâ‡∏ß


‡πÄ‡∏î‡∏¥‡∏ô‡∏Ç‡∏∂‡πâ‡∏ô‡∏•‡∏á‡πÄ‡∏ô‡∏¥‡∏ô‡∏û‡∏≠‡πÄ‡∏û‡∏•‡∏¥‡∏ô‡πÉ‡∏´‡πâ‡πÄ‡∏°‡∏∑‡πà‡∏≠‡∏¢‡∏Å‡πâ‡∏ô
‡∏õ‡∏ß‡∏î‡∏ï‡πâ‡∏ô‡∏Ç‡∏≤‡πÅ‡∏ö‡∏ö‡∏û‡∏≠‡∏´‡∏ô‡∏∂‡∏ö‡πÜ‡πÄ‡∏õ‡πá‡∏ô‡∏Ç‡∏≠‡∏á‡∏ù‡∏≤‡∏Å
‡πÄ‡∏î‡∏¥‡∏ô‡∏ü‡∏±‡∏á‡πÄ‡∏™‡∏µ‡∏¢‡∏á‡∏ô‡πâ‡∏≥‡∏ó‡∏µ‡πà‡πÑ‡∏´‡∏•‡∏Å‡∏£‡∏∞‡∏ó‡∏ö‡∏´‡∏¥‡∏ô‡∏î‡πâ‡∏≤‡∏ô‡∏•‡πà‡∏≤‡∏á‡∏ó‡∏µ‡πà‡∏î‡∏±‡∏á‡∏à‡∏≤‡∏Å‡∏î‡πâ‡∏≤‡∏ô‡∏•‡πà‡∏≤‡∏á
‡πÄ‡∏á‡∏¢‡∏´‡∏ô‡πâ‡∏≤‡πÄ‡∏à‡∏≠‡∏´‡∏°‡∏≠‡∏Å ‡∏°‡∏≠‡∏á‡∏Ç‡πâ‡∏≤‡∏á‡∏Å‡πá‡πÄ‡∏à‡∏≠‡∏ï‡πâ‡∏ô‡πÑ‡∏°‡πâ‡πÄ‡∏Ç‡∏µ‡∏¢‡∏ß
‡πÄ‡∏à‡∏≠‡∏´‡∏°‡∏≤‡∏Å‡πá‡∏ó‡∏±‡∏Å‡∏´‡∏°‡∏≤ 
‡πÄ‡∏à‡∏≠‡πÅ‡∏°‡∏ß‡πÅ‡∏°‡∏ß‡∏ß‡∏¥‡πà‡∏á‡∏´‡∏ô‡∏µ‡πÄ‡∏•‡∏¢‡πÑ‡∏°‡πà‡∏ó‡∏±‡∏ô‡∏ó‡∏±‡∏Å‡∏ó‡∏≤‡∏¢‡∏Å‡∏±‡∏ô

‡πÅ‡∏°‡πà‡∏Å‡∏≥‡∏õ‡∏≠‡∏á‡∏¢‡∏≤‡∏°‡πÄ‡∏ä‡πâ‡∏≤‡∏ä‡πà‡∏≤‡∏á‡πÅ‡∏™‡∏ô‡∏™‡∏∏‡∏Ç‡∏ô‡∏±‡∏Å
‡∏â‡∏±‡∏ô‡∏ù‡∏≤‡∏Å‡∏´‡∏±‡∏ß‡πÉ‡∏à‡πÑ‡∏ß‡πâ‡∏ó‡∏µ‡πà‡πÅ‡∏°‡πà‡∏Å‡∏≥‡∏õ‡∏≠‡∏á


‡∏Ñ‡∏ß‡∏≤‡∏°‡∏™‡∏∞‡∏≠‡∏≤‡∏îüåüüåüüåüüåü
‡∏Ñ‡∏ß‡∏≤‡∏°‡∏™‡∏∞‡∏î‡∏ß‡∏Åüåüüåüüåüüåü
‡∏ö‡∏£‡∏¥‡∏Å‡∏≤‡∏£üåüüåüüåüüåü
‡∏£‡∏≤‡∏Ñ‡∏≤

 
**** ‡∏™‡∏ñ‡∏≤‡∏ô‡∏ó‡∏µ‡πà‡∏ó‡πà‡∏≠‡∏á‡πÄ‡∏ó‡∏µ‡πà‡∏¢‡∏ß ‡∏™‡∏ñ‡∏≤‡∏ô‡∏ö‡∏£‡∏¥‡∏Å‡∏≤‡∏£
‡∏™‡∏ß‡∏ô‡∏™‡∏≤‡∏ò‡∏≤‡∏£‡∏ì‡∏∞ ‡πÅ‡∏•‡∏∞‡πÇ‡∏£‡∏á‡πÅ‡∏£‡∏°‡∏ï‡πà‡∏≤‡∏á ‡πÜ  
‡∏£‡∏µ‡∏ß‡∏¥‡∏ß‡∏à‡∏≤‡∏Å‡∏õ‡∏£‡∏∞‡∏™‡∏ö‡∏Å‡∏≤‡∏£‡∏ì‡πå‡∏à‡∏£‡∏¥‡∏á‡∏ó‡∏µ‡πà‡πÑ‡∏î‡πâ‡πÉ‡∏ä‡πâ‡∏ö‡∏£‡∏¥‡∏Å‡∏≤‡∏£
‡πÉ‡∏ô‡∏ß‡∏±‡∏ô‡∏ô‡∏±‡πâ‡∏ô‡∏ï‡∏≠‡∏ô‡∏ô‡∏±‡πâ‡∏ô‡∏ó‡∏µ‡πà‡πÑ‡∏î‡πâ‡∏£‡∏±‡∏ö
‡πÑ‡∏°‡πà‡πÑ‡∏î‡πâ‡∏£‡∏±‡∏ö‡∏Ñ‡πà‡∏≤‡∏à‡πâ‡∏≤‡∏á‡∏£‡∏µ‡∏ß‡∏¥‡∏ß‡πÄ‡∏û‡∏∑‡πà‡∏≠‡πÇ‡∏Ü‡∏©‡∏ì‡∏≤
‡∏î‡∏µ‡∏Å‡πá‡∏ö‡∏≠‡∏Å‡∏ß‡πà‡∏≤‡∏î‡∏µ ‡πÑ‡∏°‡πà‡∏î‡∏µ‡∏Å‡πá‡∏Ç‡∏≠‡∏ö‡∏≠‡∏Å‡∏ï‡∏≤‡∏°‡∏ï‡∏£‡∏á‡∏ô‡∏∞‡∏Ñ‡∏∞
‡πÅ‡∏ó‡∏ô‡∏Ñ‡∏≥‡∏Ç‡∏≠‡∏ö‡∏Ñ‡∏∏‡∏ì‡∏™‡∏≥‡∏´‡∏£‡∏±‡∏ö‡∏™‡∏¥‡πà‡∏á‡∏î‡∏µ‡πÜ‡∏ó‡∏µ‡πà‡πÑ‡∏î‡πâ‡∏£‡∏±‡∏ö
‡πÅ‡∏•‡∏∞‡∏Ç‡πâ‡∏≠‡∏ï‡∏¥‡∏ä‡∏°‡πÄ‡∏û‡∏∑‡πà‡∏≠‡∏Å‡∏≤‡∏£‡∏õ‡∏£‡∏±‡∏ö‡∏õ‡∏£‡∏∏‡∏á‡∏Ñ‡∏∏‡∏ì‡∏†‡∏≤‡∏û‡∏ó‡∏µ‡πà‡∏î‡∏µ
‡πÑ‡∏°‡πà‡πÑ‡∏î‡πâ‡∏°‡∏µ‡πÄ‡∏à‡∏ï‡∏ô‡∏≤‡∏ó‡∏≥‡∏•‡∏≤‡∏¢‡πÉ‡∏™‡πà‡∏£‡πâ‡∏≤‡∏¢‡πÉ‡∏´‡πâ‡πÄ‡∏™‡∏µ‡∏¢‡∏´‡∏≤‡∏¢‡πÅ‡∏ï‡πà‡∏≠‡∏¢‡πà‡∏≤‡∏á‡πÉ‡∏î ‡∏´‡∏≤‡∏Å‡∏ó‡∏≥‡πÉ‡∏Ñ‡∏£‡πÑ‡∏°‡πà‡∏û‡∏≠‡πÉ‡∏à‡∏Å‡πá‡∏Ç‡∏≠‡∏≠‡πÇ‡∏´‡∏™‡∏¥‡∏Å‡∏£‡∏£‡∏°‡∏Å‡∏±‡∏ô‡πÅ‡∏•‡∏∞‡∏¢‡∏¥‡∏ô‡∏î‡∏µ‡∏•‡∏ö‡∏£‡∏µ‡∏ß‡∏¥‡∏ß‡∏ó‡∏¥‡πâ‡∏á‡∏´‡∏£‡∏∑‡∏≠‡πÅ‡∏Å‡πâ‡πÑ‡∏Ç‡∏£‡∏µ‡∏ß‡∏¥‡∏ß‡πÉ‡∏´‡πâ‡∏´‡∏≤‡∏Å‡∏°‡∏µ‡∏Å‡∏≤‡∏£‡∏Ç‡∏µ‡πâ‡πÅ‡∏à‡∏á‡∏´‡∏£‡∏∑‡∏≠‡πÅ‡∏Å‡πâ‡πÑ‡∏Ç‡πÅ‡∏•‡πâ‡∏ß üôèüèª"
44,"‡∏Å‡∏¥‡∏à‡∏Å‡∏£‡∏£‡∏°‡πÅ‡∏ô‡∏∞‡∏ô‡∏≥: ‡∏ñ‡πà‡∏≤‡∏¢‡∏£‡∏π‡∏õ, ‡∏ä‡∏°‡∏î‡∏≠‡∏Å‡πÑ‡∏°‡πâ, ‡πÄ‡∏î‡∏¥‡∏ô‡∏™‡∏Å‡∏≤‡∏¢‡∏ß‡∏≠‡∏£‡πå‡∏Ñ, ‡∏Å‡∏£‡∏∞‡∏ö‡∏≠‡∏á‡πÄ‡∏û‡∏ä‡∏£‚Äã‡∏¢‡∏±‡∏Å‡∏©‡πå‡∏£‡∏∞‡∏¢‡∏∞‡πÄ‡∏ß‡∏•‡∏≤‡∏ó‡∏µ‡πà‡πÉ‡∏ä‡πâ‡∏Å‡∏±‡∏ö‡∏™‡∏ñ‡∏≤‡∏ô‡∏ó‡∏µ‡πà‡∏ô‡∏µ‡πâ: 1 - 2 ‡∏ä‡∏±‡πà‡∏ß‡πÇ‡∏°‡∏á","‡∏™‡∏ß‡∏±‡∏™‡∏î‡∏µ‡∏Ñ‡πà‡∏∞ ‡∏´‡∏•‡∏±‡∏á‡∏à‡∏≤‡∏Å‡πÅ‡∏ß‡∏∞‡∏Ñ‡∏≤‡πÄ‡∏ü‡πà‡πÄ‡∏™‡∏£‡πá‡∏à‡πÄ‡∏£‡∏≤‡∏Å‡πá‡πÅ‡∏ß‡∏∞‡∏Ç‡∏±‡∏ö‡∏£‡∏ñ‡∏°‡∏≤‡πÄ‡∏î‡∏¥‡∏ô‡∏ñ‡πà‡∏≤‡∏¢‡∏£‡∏π‡∏õ‡πÄ‡∏•‡πà‡∏ô‡∏Å‡∏±‡∏ô‡∏ó‡∏µ‡πà‡∏ô‡∏µ‡πà ‡∏Ñ‡πà‡∏≤‡πÄ‡∏Ç‡πâ‡∏≤‡∏ú‡∏π‡πâ‡πÉ‡∏´‡∏ç‡πà‡∏Ñ‡∏ô‡∏•‡∏∞ 40‡∏ø ‡∏Ñ‡πà‡∏≤‡∏£‡∏ñ100‡∏ø ‡πÅ‡∏ï‡πà‡πÄ‡∏£‡∏≤‡πÑ‡∏õ‡∏ä‡πà‡∏ß‡∏á‡πÉ‡∏Å‡∏•‡πâ‡∏õ‡∏¥‡∏î‡πÄ‡∏•‡∏¢‡πÑ‡∏î‡πâ‡πÅ‡∏ö‡∏ö‡πÑ‡∏°‡πà‡πÄ‡∏¢‡∏≠‡∏∞‡πÄ‡∏ó‡πà‡∏≤‡πÑ‡∏´‡∏£‡πà

‡πÇ‡∏ã‡∏ô‡∏¢‡∏≠‡∏î‡∏Æ‡∏¥‡∏ï ‡∏Ñ‡∏∑‡∏≠ ‡πÇ‡∏ã‡∏ôCanopy walkway ‡∏ó‡∏≤‡∏á‡πÄ‡∏î‡∏¥‡∏ô‡∏¢‡∏≤‡∏ß‡∏°‡∏≤‡∏Å ‡πÄ‡∏î‡∏¥‡∏ô‡πÄ‡∏´‡∏ô‡∏∑‡πà‡∏≠‡∏¢‡∏û‡∏≠‡∏™‡∏°‡∏Ñ‡∏ß‡∏£ ‡∏ñ‡πâ‡∏≤‡πÑ‡∏°‡πà‡∏£‡∏µ‡∏ö‡∏ä‡∏¥‡∏ß‡πÜ‡∏Å‡πá‡πÄ‡∏î‡∏¥‡∏ô‡πÑ‡∏î‡πâ‡πÄ‡∏£‡∏∑‡πà‡∏≠‡∏¢‡πÜ‡∏ô‡∏∞ ‡πÑ‡∏õ‡∏ä‡πà‡∏ß‡∏á‡∏´‡∏ô‡πâ‡∏≤‡∏´‡∏ô‡∏≤‡∏ß‡∏•‡∏°‡πÄ‡∏¢‡πá‡∏ô‡πÜ‡∏ü‡∏¥‡∏ô‡πÜ‡∏î‡∏µ ‡πÑ‡∏î‡πâ‡∏¢‡∏¥‡∏ô‡πÄ‡∏™‡∏µ‡∏¢‡∏á‡∏ô‡∏Å ‡πÄ‡∏™‡∏µ‡∏¢‡∏á‡∏•‡∏° ‡∏°‡∏≠‡∏á‡πÄ‡∏´‡πá‡∏ô‡∏ß‡∏¥‡∏ß‡∏õ‡πà‡∏≤‡πÄ‡∏Ç‡∏≤ ‡∏ò‡∏£‡∏£‡∏°‡∏ä‡∏≤‡∏ï‡∏¥‡∏°‡∏≤‡∏Å‡∏Å‡∏Å

‡∏≠‡∏µ‡∏Å‡πÇ‡∏ã‡∏ô‡∏ó‡∏µ‡πà‡πÄ‡∏£‡∏≤‡πÅ‡∏ß‡∏∞‡∏Ñ‡∏∑‡∏≠ ‡πÇ‡∏ã‡∏ô‡∏û‡∏±‡∏ô‡∏ò‡πå‡∏û‡∏∑‡∏ä ‡∏ï‡∏£‡∏á‡∏ô‡∏µ‡πâ‡∏ñ‡πâ‡∏≤‡πÉ‡∏Ñ‡∏£‡∏£‡∏±‡∏Å‡∏ï‡πâ‡∏ô‡πÑ‡∏°‡πâ‡∏ä‡∏≠‡∏ö‡∏ï‡πâ‡∏ô‡πÑ‡∏°‡πâ‡πÄ‡∏î‡∏¥‡∏ô‡∏î‡∏π‡πÑ‡∏î‡πâ‡∏ó‡∏±‡πâ‡∏á‡∏ß‡∏±‡∏ô‡πÄ‡∏•‡∏¢ ‡∏ï‡πâ‡∏ô‡πÑ‡∏°‡πâ‡πÅ‡∏õ‡∏•‡∏Å‡πÜ‡πÄ‡∏¢‡∏≠‡∏∞‡∏°‡∏≤‡∏Å ‡πÅ‡∏ö‡πà‡∏á‡∏ï‡∏≤‡∏°‡πÄ‡∏Ç‡∏ï‡∏ï‡πà‡∏≤‡∏á‡πÜ‡πÄ‡∏•‡∏¢ ‡∏ó‡∏µ‡πà‡∏Æ‡∏¥‡∏ï‡πÜ‡∏Ñ‡∏∑‡∏≠‡πÇ‡∏ã‡∏ô‡∏Å‡∏£‡∏∞‡∏ö‡∏≠‡∏á‡πÄ‡∏û‡∏ä‡∏£‡∏Ñ‡∏ô‡∏ä‡∏≠‡∏ö‡πÑ‡∏õ‡∏ñ‡πà‡∏≤‡∏¢‡∏£‡∏π‡∏õ ‡∏°‡∏µ‡∏Å‡∏£‡∏∞‡∏ö‡∏≠‡∏á‡πÄ‡∏û‡∏ä‡∏£‡πÅ‡∏õ‡∏•‡∏Å‡πÜ‡∏ï‡∏≤‡πÄ‡∏ï‡∏°‡πÄ‡∏•‡∏¢ ‡∏ô‡∏≠‡∏Å‡∏à‡∏≤‡∏Å‡∏ô‡∏µ‡πâ‡∏Å‡πá‡∏°‡∏µ‡πÇ‡∏ã‡∏ô‡∏≠‡∏∑‡πà‡∏ô‡πÜ‡∏î‡πâ‡∏ß‡∏¢ ‡πÉ‡∏Ñ‡∏£‡∏´‡∏≤‡∏Å‡∏¥‡∏à‡∏Å‡∏£‡∏£‡∏°‡∏ó‡∏≥ ‡πÅ‡∏ô‡∏∞‡∏ô‡∏≥‡πÄ‡∏•‡∏¢‡∏ô‡∏∞

‡πÄ‡∏õ‡∏¥‡∏î 08:30-17:00
‡∏Ñ‡πà‡∏≤‡πÄ‡∏Ç‡πâ‡∏≤‡∏ú‡∏π‡πâ‡πÉ‡∏´‡∏ç‡πà 40 ‡∏ø / ‡πÄ‡∏î‡πá‡∏Å 20 ‡∏ø
‡∏£‡∏ñ 4 ‡∏•‡πâ‡∏≠ 100‡∏ø"
45,4.2 22 ‡πÄ‡∏£‡∏ï‡∏ï‡∏¥‡πâ‡∏á (16 ‡∏£‡∏µ‡∏ß‡∏¥‡∏ß)‡πÑ‡∏£‡πà/‡∏ü‡∏≤‡∏£‡πå‡∏°/‡∏™‡∏ß‡∏ô‡πÄ‡∏Å‡∏©‡∏ï‡∏£‚Ä¢‡πÑ‡∏°‡πà‡∏°‡∏µ‡∏Ñ‡πà‡∏≤‡πÄ‡∏Ç‡πâ‡∏≤‡∏ä‡∏°,A La Campagne ‡πÄ‡∏õ‡πá‡∏ô‡∏û‡∏∑‡πâ‡∏ô‡∏ó‡∏µ‡πà‡∏ó‡∏µ‡πà‡∏≠‡∏≠‡∏Å‡πÅ‡∏ö‡∏ö‡∏°‡∏≤‡∏™‡∏≥‡∏´‡∏£‡∏±‡∏ö‡∏Ñ‡∏£‡∏≠‡∏ö‡∏Ñ‡∏£‡∏±‡∏ß ‡∏ï‡πâ‡∏ô‡πÑ‡∏°‡πâ‡πÄ‡∏¢‡∏≠‡∏∞ ‡∏£‡πà‡∏°‡∏£‡∏∑‡πà‡∏ô ‡∏ó‡∏µ‡πà‡∏à‡∏≠‡∏î‡∏£‡∏ñ‡∏Å‡∏ß‡πâ‡∏≤‡∏á‡∏Ç‡∏ß‡∏≤‡∏á ‡∏°‡∏µ‡∏£‡πâ‡∏≤‡∏ô‡∏≠‡∏≤‡∏´‡∏≤‡∏£ ‡∏Ñ‡∏≤‡πÄ‡∏ü‡πà ‡πÅ‡∏•‡∏∞‡∏£‡πâ‡∏≤‡∏ô‡∏Ç‡∏≤‡∏¢‡∏Ç‡∏≠‡∏á‡∏ó‡∏µ‡πà‡∏£‡∏∞‡∏•‡∏∂‡∏Å‡∏´‡∏•‡∏≤‡∏¢‡∏£‡πâ‡∏≤‡∏ô‡∏†‡∏≤‡∏¢‡πÉ‡∏ô‡πÇ‡∏Ñ‡∏£‡∏á‡∏Å‡∏≤‡∏£ ‡∏ô‡∏≠‡∏Å‡∏à‡∏≤‡∏Å‡∏ô‡∏µ‡πâ‡∏¢‡∏±‡∏á‡∏°‡∏µ‡∏û‡∏∑‡πâ‡∏ô‡∏ó‡∏µ‡πà‡∏™‡∏≥‡∏´‡∏£‡∏±‡∏ö‡πÄ‡∏î‡πá‡∏Å‡πÜ ‡πÄ‡∏ä‡πà‡∏ô ‡∏™‡∏ô‡∏≤‡∏°‡πÄ‡∏î‡πá‡∏Å‡πÄ‡∏•‡πà‡∏ô ‡πÅ‡∏õ‡∏•‡∏á‡∏ú‡∏±‡∏Å ‡πÅ‡∏•‡∏∞‡∏Å‡∏¥‡∏à‡∏Å‡∏£‡∏£‡∏°‡πÄ‡∏Å‡πá‡∏ö‡πÑ‡∏Ç‡πà‡πÉ‡∏´‡πâ‡∏≠‡∏≤‡∏´‡∏≤‡∏£‡∏™‡∏±‡∏ï‡∏ß‡πå
46,"‡∏Å‡∏¥‡∏à‡∏Å‡∏£‡∏£‡∏°‡πÅ‡∏ô‡∏∞‡∏ô‡∏≥: ‡∏ñ‡πà‡∏≤‡∏¢‡∏£‡∏π‡∏õ, ‡∏ä‡∏°‡∏õ‡∏£‡∏∞‡∏ß‡∏±‡∏ï‡∏¥‡∏®‡∏≤‡∏™‡∏ï‡∏£‡πå‡∏ó‡∏≤‡∏á‡πÇ‡∏ö‡∏£‡∏≤‡∏ì‡∏Ñ‡∏î‡∏µ, ‡πÄ‡∏î‡∏¥‡∏ô‡πÄ‡∏•‡πà‡∏ô‡∏ä‡∏°‡∏ß‡∏¥‡∏ß, ‡∏ã‡∏∑‡πâ‡∏≠‡∏Ç‡∏≠‡∏á‡∏ù‡∏≤‡∏Å‡∏£‡∏∞‡∏¢‡∏∞‡πÄ‡∏ß‡∏•‡∏≤‡∏ó‡∏µ‡πà‡πÉ‡∏ä‡πâ‡∏Å‡∏±‡∏ö‡∏™‡∏ñ‡∏≤‡∏ô‡∏ó‡∏µ‡πà‡∏ô‡∏µ‡πâ: ‡∏Ñ‡∏£‡∏∂‡πà‡∏á‡∏ß‡∏±‡∏ô","üì£ ‡∏™‡∏¥‡∏á‡∏´‡πå‡∏õ‡∏≤‡∏£‡πå‡∏Ñ‡πÄ‡∏ä‡∏µ‡∏¢‡∏á‡∏£‡∏≤‡∏¢ ‡∏™‡∏ñ‡∏≤‡∏ô‡∏ó‡∏µ‡πà‡∏ó‡πà‡∏≠‡∏á‡πÄ‡∏ó‡∏µ‡πà‡∏¢‡∏ß‡∏™‡∏∏‡∏î‡∏Æ‡∏¥‡∏ï‡∏Ç‡∏≠‡∏á‡∏à‡∏±‡∏á‡∏´‡∏ß‡∏±‡∏î‡πÄ‡∏ä‡∏µ‡∏¢‡∏á‡∏£‡∏≤‡∏¢ ‡∏™‡∏ñ‡∏≤‡∏ô‡∏ó‡∏µ‡πà‡∏û‡∏±‡∏Å‡∏ú‡πà‡∏≠‡∏ô‡∏´‡∏¢‡πà‡∏≠‡∏ô‡πÉ‡∏à ‡∏ä‡∏°‡∏ò‡∏£‡∏£‡∏°‡∏ä‡∏≤‡∏ï‡∏¥ ‡∏´‡∏£‡∏∑‡∏≠‡∏à‡∏∞‡∏°‡∏≤‡πÄ‡∏•‡πà‡∏ô‡∏Å‡∏¥‡∏à‡∏Å‡∏£‡∏£‡∏°‡πÅ‡∏≠‡∏î‡πÄ‡∏ß‡∏ô ‡πÄ‡∏à‡∏≠‡∏£‡πå ‡∏ó‡∏µ‡πà‡∏ô‡∏µ‡πà‡∏™‡∏≤‡∏°‡∏≤‡∏£‡∏ñ‡∏ï‡∏≠‡∏ö‡πÇ‡∏à‡∏ó‡∏¢‡πå‡πÑ‡∏î‡πâ‡∏´‡∏°‡∏î

ü¶• ‡∏Å‡∏¥‡∏à‡∏Å‡∏£‡∏£‡∏°‡∏ó‡∏µ‡πà‡∏ô‡πà‡∏≤‡∏™‡∏ô‡πÉ‡∏à: ‡∏´‡∏≠‡∏Ñ‡∏≠‡∏¢‡∏ã‡∏¥‡∏ö‡πÑ‡∏•‡∏ô‡πå ‡∏ï‡∏≠‡∏ô‡πÄ‡∏•‡πà‡∏ô‡∏ó‡∏±‡πâ‡∏á‡∏ï‡∏∑‡πà‡∏ô‡πÄ‡∏ï‡πâ‡∏ô‡πÅ‡∏•‡∏∞‡∏™‡∏ô‡∏∏‡∏Å ‡∏°‡∏≤‡∏Å ‡πÅ‡∏ô‡∏∞‡∏ô‡πç‡∏≤‡∏ß‡πà‡∏≤‡∏ï‡πâ‡∏≠‡∏á‡∏•‡∏≠‡∏á

üö¥ ‡∏´‡∏£‡∏∑‡∏≠‡∏à‡∏∞‡πÄ‡∏ä‡πà‡∏≤ ATV ‡∏Ç‡∏±‡∏ö‡∏£‡∏≠‡∏ö‡∏™‡∏ß‡∏ô‡∏Å‡πá‡πÑ‡∏î‡πâ‡πÄ‡∏ä‡πà‡∏ô‡∏Å‡∏±‡∏ô ‡∏à‡∏∞‡∏™‡∏≤‡∏°‡∏≤‡∏£‡∏ñ‡πÅ‡∏ß‡∏∞‡πÑ‡∏õ‡∏¢‡∏±‡∏á ‡∏™‡∏ß‡∏ô‡∏™‡∏±‡∏ï‡∏ß‡πå‡∏°‡∏¥‡∏ô‡∏¥ ‡πÅ‡∏•‡∏∞‡∏Ç‡∏±‡∏ö‡∏ú‡πà‡∏≤‡∏ô‡πÑ‡∏£‡πà‡∏ä‡∏≤ ‡∏ã‡∏∂‡πà‡∏á‡∏ö‡∏≠‡∏Å‡πÄ‡∏•‡∏¢‡∏ß‡πà‡∏≤‡∏ï‡∏≠‡∏ô‡πÄ‡∏¢‡πá‡∏ô‡πÜ ‡∏à‡∏∞‡∏™‡∏ß‡∏¢‡∏á‡∏≤‡∏° ‡∏°‡∏≤‡∏Å 

#eatoutgoround‡∏•‡∏∏‡∏¢‡∏Å‡∏¥‡∏ô‡∏ü‡∏¥‡∏ô‡πÄ‡∏ó‡∏µ‡πà‡∏¢‡∏ß

#WongnaiHNY2023"
47,"‡∏Å‡∏¥‡∏à‡∏Å‡∏£‡∏£‡∏°‡πÅ‡∏ô‡∏∞‡∏ô‡∏≥: ‡πÄ‡∏î‡∏¥‡∏ô‡∏™‡∏Å‡∏≤‡∏¢‡∏ß‡∏≠‡∏£‡πå‡∏Ñ, ‡∏®‡∏∂‡∏Å‡∏©‡∏≤‡∏û‡∏±‡∏ô‡∏ò‡∏∏‡πå‡∏û‡∏∑‡∏ä‡∏£‡∏∞‡∏¢‡∏∞‡πÄ‡∏ß‡∏•‡∏≤‡∏ó‡∏µ‡πà‡πÉ‡∏ä‡πâ‡∏Å‡∏±‡∏ö‡∏™‡∏ñ‡∏≤‡∏ô‡∏ó‡∏µ‡πà‡∏ô‡∏µ‡πâ: ‡∏Ñ‡∏£‡∏∂‡πà‡∏á‡∏ß‡∏±‡∏ô","‡πÑ‡∏£‡πà‡∏ä‡∏≤‡∏â‡∏∏‡∏¢‡∏ü‡∏á ‡∏à‡∏±‡∏á‡∏´‡∏ß‡∏±‡∏î‡πÄ‡∏ä‡∏µ‡∏¢‡∏á‡∏£‡∏≤‡∏¢
‡∏Ñ‡∏∑‡∏≠‡πÑ‡∏£‡πà‡∏ä‡∏≤‡∏Å‡∏ß‡πâ‡∏≤‡∏á‡∏°‡∏≤‡∏Å‡πÜ ‡∏°‡∏≠‡∏á‡πÑ‡∏õ‡∏Ñ‡∏∑‡∏≠‡πÄ‡∏Ç‡∏µ‡∏¢‡∏ß‡πÄ‡∏•‡∏¢ ‡πÄ‡∏°‡∏ô‡∏π‡∏ó‡∏µ‡πà‡∏£‡πâ‡∏≤‡∏ô‡∏°‡∏µ‡∏ó‡∏±‡πâ‡∏á‡πÄ‡∏Ñ‡∏£‡∏∑‡πà‡∏≠‡∏á‡∏î‡∏∑‡πà‡∏° ‡∏Ç‡∏≠‡∏á‡∏´‡∏ß‡∏≤‡∏ô ‡∏Ç‡∏ô‡∏° ‡πÅ‡∏•‡∏∞‡∏Ç‡∏≠‡∏á‡∏Ñ‡∏≤‡∏ß ‡∏ó‡∏µ‡πà‡∏ô‡∏±‡πà‡∏á‡∏Å‡πá‡∏Ñ‡∏∑‡∏≠‡∏£‡∏≠‡∏ö‡πÜ ‡∏£‡πâ‡∏≤‡∏ô
‡πÄ‡∏°‡∏ô‡∏π‡∏ó‡∏µ‡πà‡∏Å‡∏¥‡∏ô‡∏à‡∏∞‡πÄ‡∏õ‡πá‡∏ô‡∏ä‡∏≤‡πÄ‡∏Ç‡∏µ‡∏¢‡∏ß‡πÄ‡∏¢‡πá‡∏ô ‡πÑ‡∏≠‡∏®‡∏Ñ‡∏£‡∏µ‡∏°‡∏ä‡∏≤‡πÄ‡∏Ç‡∏µ‡∏¢‡∏ß ‡∏≠‡∏≠‡πÄ‡∏î‡∏¥‡∏£‡πå‡∏ü‡πÄ‡∏°‡∏∑‡∏≠‡∏á ‡πÅ‡∏•‡∏∞‡∏™‡∏õ‡∏≤‡πÄ‡∏Å‡πá‡∏ï‡∏ï‡∏µ‡πâ‡∏Ñ‡∏≤‡πÇ‡∏ö‡∏ô‡∏≤‡∏£‡πà‡∏≤
‡∏£‡∏™‡∏ä‡∏≤‡∏ï‡∏¥‡∏≠‡∏≤‡∏´‡∏≤‡∏£‡∏î‡∏µ ‡∏≠‡∏£‡πà‡∏≠‡∏¢ ‡∏ö‡∏£‡∏£‡∏¢‡∏≤‡∏Å‡∏≤‡∏®‡∏î‡∏µ‡πÄ‡∏ß‡∏≠‡∏£‡πå"
48,‡∏Å‡∏¥‡∏à‡∏Å‡∏£‡∏£‡∏°‡πÅ‡∏ô‡∏∞‡∏ô‡∏≥: ‡∏ñ‡πà‡∏≤‡∏¢‡∏£‡∏π‡∏õ‡∏£‡∏∞‡∏¢‡∏∞‡πÄ‡∏ß‡∏•‡∏≤‡∏ó‡∏µ‡πà‡πÉ‡∏ä‡πâ‡∏Å‡∏±‡∏ö‡∏™‡∏ñ‡∏≤‡∏ô‡∏ó‡∏µ‡πà‡∏ô‡∏µ‡πâ: ‡∏ï‡πà‡∏≥‡∏Å‡∏ß‡πà‡∏≤ 1 ‡∏ä‡∏±‡πà‡∏ß‡πÇ‡∏°‡∏á,"‡πÄ‡∏õ‡πá‡∏ô‡∏Ñ‡∏£‡∏±‡πâ‡∏á‡πÅ‡∏£‡∏Å‡∏ó‡∏µ‡πà‡πÄ‡∏Ñ‡∏¢‡πÑ‡∏õ ‡∏ó‡∏≤‡∏á‡πÑ‡∏õ‡πÑ‡∏Å‡∏•‡∏°‡∏≤‡∏Å ‡∏ó‡∏≤‡∏á‡∏Ç‡∏∂‡πâ‡∏ô‡∏Å‡πá‡πÇ‡∏´‡∏î‡∏°‡∏≤‡∏Å ‡∏£‡∏ñ‡πÄ‡∏Å‡πã‡∏á‡∏™‡∏≤‡∏°‡∏≤‡∏£‡∏ñ‡πÑ‡∏õ‡πÑ‡∏î‡πâ‡∏≠‡∏¢‡∏π‡πà ‡πÅ‡∏ï‡πà‡∏Å‡πà‡∏≠‡∏ô‡∏ñ‡∏∂‡∏á‡∏ó‡∏≤‡∏á‡∏Ç‡∏∂‡πâ‡∏ô‡∏ä‡∏±‡∏ô‡∏™‡∏≤‡∏°‡∏≤‡∏£‡∏ñ‡πÄ‡∏≠‡∏≤‡∏£‡∏ñ‡∏à‡∏≠‡∏î‡∏Ç‡πâ‡∏≤‡∏á‡∏•‡πà‡∏≤‡∏á‡πÅ‡∏•‡πâ‡∏ß‡πÄ‡∏î‡∏¥‡∏ô‡∏Ç‡∏∂‡πâ‡∏ô‡πÑ‡∏õ‡πÑ‡∏î‡πâ ‡∏Ñ‡∏∏‡πâ‡∏°‡∏Ñ‡πà‡∏≤‡∏ó‡∏µ‡πà‡πÑ‡∏î‡πâ‡πÑ‡∏õ‡∏™‡∏±‡∏°‡∏ú‡∏±‡∏™‡πÑ‡∏õ‡πÄ‡∏´‡πá‡∏ô ‡∏™‡∏ß‡∏¢‡∏°‡∏≤‡∏Å ‡∏ò‡∏£‡∏£‡∏°‡∏ä‡∏≤‡∏ï‡∏¥‡∏°‡∏≤‡∏Å ‡∏°‡∏µ‡πÇ‡∏≠‡∏Å‡∏≤‡∏™‡∏Å‡πá‡∏≠‡∏¢‡∏≤‡∏Å‡πÉ‡∏´‡πâ‡∏ó‡∏∏‡∏Å‡∏Ñ‡∏ô‡πÑ‡∏î‡πâ‡πÑ‡∏õ‡∏î‡∏π‡∏ô‡∏∞‡∏Ñ‡∏∞üíö
üç∞‡πÄ‡∏Ñ‡πâ‡∏Å‡∏ä‡∏≤‡πÄ‡∏Ç‡∏µ‡∏¢‡∏ß‡∏™‡πà‡∏ß‡∏ô‡∏ï‡∏±‡∏ß‡∏Ñ‡∏¥‡∏î‡∏ß‡πà‡∏≤‡πÄ‡∏â‡∏¢‡πÜ‡πÑ‡∏°‡πà‡πÑ‡∏î‡πâ‡∏ß‡πâ‡∏≤‡∏ß ‡πÑ‡∏°‡πà‡∏´‡∏ß‡∏≤‡∏ô‡∏°‡∏≤‡∏Å 80.-
ü´ñ‡∏ä‡∏≤‡πÄ‡∏Ç‡∏µ‡∏¢‡∏ß‡∏£‡πâ‡∏≠‡∏ô ‡∏ä‡∏≤‡∏´‡∏≠‡∏° ‡∏≠‡∏£‡πà‡∏≠‡∏¢ 30.-
üçµ‡∏ä‡∏≤‡πÄ‡∏Ç‡∏µ‡∏¢‡∏ß‡πÄ‡∏¢‡πá‡∏ô ‡∏≠‡∏£‡πà‡∏≠‡∏¢ ‡πÑ‡∏°‡πà‡πÑ‡∏î‡πâ‡∏ß‡πâ‡∏≤‡∏ß‡∏≠‡∏∞‡πÑ‡∏£ 30-35.-
‡∏™‡πà‡∏ß‡∏ô‡πÄ‡∏Ñ‡πâ‡∏Å‡∏°‡∏∞‡∏û‡∏£‡πâ‡∏≤‡∏ß‡∏≠‡πà‡∏≠‡∏ô‡πÑ‡∏°‡πà‡πÑ‡∏î‡πâ‡∏•‡∏≠‡∏á‡∏ó‡∏≤‡∏ô
‡∏Ñ‡πà‡∏≤‡∏¢‡∏∑‡∏°‡∏ï‡∏∞‡∏Å‡∏£‡πâ‡∏≤‡∏ñ‡πà‡∏≤‡∏¢‡∏£‡∏π‡∏õ ‡∏ï‡∏∞‡∏Å‡∏£‡πâ‡∏≤‡∏•‡∏∞ 5.-"
49,"‡∏Å‡∏¥‡∏à‡∏Å‡∏£‡∏£‡∏°‡πÅ‡∏ô‡∏∞‡∏ô‡∏≥: ‡∏ñ‡πà‡∏≤‡∏¢‡∏£‡∏π‡∏õ, ‡∏®‡∏∂‡∏Å‡∏©‡∏≤‡∏ò‡∏£‡∏£‡∏°‡∏ä‡∏≤‡∏ï‡∏¥‡∏£‡∏∞‡∏¢‡∏∞‡πÄ‡∏ß‡∏•‡∏≤‡∏ó‡∏µ‡πà‡πÉ‡∏ä‡πâ‡∏Å‡∏±‡∏ö‡∏™‡∏ñ‡∏≤‡∏ô‡∏ó‡∏µ‡πà‡∏ô‡∏µ‡πâ: 1 - 2 ‡∏ä‡∏±‡πà‡∏ß‡πÇ‡∏°‡∏á","‡∏ó‡∏≤‡∏á‡∏ó‡∏µ‡πà‡∏°‡∏≤‡∏ô‡∏µ‡πâ‡πÑ‡∏Å‡∏•‡∏à‡∏≤‡∏Å‡∏ï‡∏±‡∏ß‡πÄ‡∏°‡∏∑‡∏≠‡∏á‡πÄ‡∏ä‡∏µ‡∏¢‡∏á‡πÉ‡∏´‡∏°‡πà‡∏õ‡∏£‡∏∞‡∏°‡∏≤‡∏ì 1.5 - 2 ‡∏ä‡∏±‡πà‡∏ß‡πÇ‡∏°‡∏á ‡∏ó‡∏≤‡∏á‡πÉ‡∏Å‡∏•‡πâ‡πÜ‡πÑ‡∏£‡πà ‡∏Ñ‡πà‡∏≠‡∏ô‡∏Ç‡πâ‡∏≤‡∏á‡∏ä‡∏±‡∏ô ‡πÅ‡∏•‡∏∞‡∏Ñ‡∏î‡πÄ‡∏Ñ‡∏µ‡πâ‡∏¢‡∏ß ‡πÅ‡∏ï‡πà‡∏£‡∏ñ‡πÄ‡∏Å‡πã‡∏á‡∏™‡∏≤‡∏°‡∏≤‡∏£‡∏ñ‡∏Ç‡∏∂‡πâ‡∏ô‡πÑ‡∏î‡πâ‡∏™‡∏ö‡∏≤‡∏¢ 
‡∏ó‡∏µ‡πà‡∏ô‡∏µ‡πâ‡∏°‡∏µ‡∏™‡πà‡∏ß‡∏ô‡∏ó‡∏µ‡πà‡πÄ‡∏ú‡πá‡∏ô ‡πÑ‡∏£‡πà‡∏ä‡∏≤ ‡∏£‡πâ‡∏≤‡∏ô‡∏≠‡∏≤‡∏´‡∏≤‡∏£ ‡πÅ‡∏•‡∏∞ ‡∏ö‡πâ‡∏≤‡∏ô‡∏û‡∏±‡∏Å‡πÅ‡∏ö‡∏ö homestay ‡∏à‡∏£‡∏¥‡∏á‡πÜ‡∏û‡∏∑‡πâ‡∏ô‡∏ó‡∏µ‡πà‡∏ä‡∏≤‡∏Ñ‡πà‡∏≠‡∏ô‡∏Ç‡πâ‡∏≤‡∏á‡πÄ‡∏•‡πá‡∏Å ‡πÄ‡∏õ‡πá‡∏ô‡πÑ‡∏£‡πà‡∏ä‡∏≤‡∏Ç‡∏±‡πâ‡∏ô‡∏ö‡∏±‡∏ô‡πÑ‡∏î‡πÄ‡∏ä‡∏¥‡∏á‡πÄ‡∏ä‡∏≤
‡∏£‡πâ‡∏≤‡∏ô‡∏≠‡∏≤‡∏´‡∏≤‡∏£‡πÄ‡∏õ‡πá‡∏ô‡πÄ‡∏°‡∏ô‡∏π‡∏á‡πà‡∏≤‡∏¢‡πÜ ‡∏°‡∏µ‡∏ó‡∏µ‡πà‡∏ô‡∏±‡πà‡∏á‡∏ó‡∏µ‡πà‡∏£‡πâ‡∏≤‡∏ô ‡∏ä‡∏°‡∏ß‡∏¥‡∏ß‡πÑ‡∏£‡πà‡∏ä‡∏≤‡πÑ‡∏î‡πâ"
50,"‡∏Å‡∏¥‡∏à‡∏Å‡∏£‡∏£‡∏°‡πÅ‡∏ô‡∏∞‡∏ô‡∏≥: ‡∏ñ‡πà‡∏≤‡∏¢‡∏£‡∏π‡∏õ, ‡∏ä‡∏°‡πÑ‡∏£‡πà‡∏ä‡∏≤‡∏£‡∏∞‡∏¢‡∏∞‡πÄ‡∏ß‡∏•‡∏≤‡∏ó‡∏µ‡πà‡πÉ‡∏ä‡πâ‡∏Å‡∏±‡∏ö‡∏™‡∏ñ‡∏≤‡∏ô‡∏ó‡∏µ‡πà‡∏ô‡∏µ‡πâ: ‡∏Ñ‡∏£‡∏∂‡πà‡∏á‡∏ß‡∏±‡∏ô","‡∏ß‡∏±‡∏ô‡∏ô‡∏µ‡πâ‡∏à‡∏∞‡∏°‡∏≤‡πÅ‡∏ô‡∏∞‡∏ô‡∏≥ ‡∏™‡∏ñ‡∏≤‡∏ô‡∏ó‡∏µ‡πà‡∏ó‡πà‡∏≠‡∏á‡πÄ‡∏ó‡∏µ‡πà‡∏¢‡∏ß ‡∏≠‡∏µ‡∏Å‡∏´‡∏ô‡∏∂‡πà‡∏á‡πÑ‡∏Æ‡πÑ‡∏•‡∏ï‡πå‡∏Ç‡∏≠‡∏á‡πÄ‡∏°‡∏∑‡∏≠‡∏á‡πÄ‡∏ä‡∏µ‡∏¢‡∏á‡πÉ‡∏´‡∏°‡πà ‡∏ó‡∏µ‡πà‡∏ï‡πâ‡∏≠‡∏á‡∏´‡∏≤‡πÄ‡∏ß‡∏•‡∏≤‡∏°‡∏≤‡πÄ‡∏ó‡∏µ‡πà‡∏¢‡∏ß‡πÉ‡∏´‡πâ‡πÑ‡∏î‡πâ‡∏™‡∏±‡∏Å‡∏Ñ‡∏£‡∏±‡πâ‡∏á 

‡∏™‡∏≤‡∏°‡∏≤‡∏£‡∏ñ‡∏à‡∏≠‡∏î‡∏£‡∏ñ‡πÉ‡∏ô ‡πÇ‡∏£‡∏á‡πÄ‡∏£‡∏µ‡∏¢‡∏ô‡∏ß‡∏±‡∏î‡πÅ‡∏°‡πà‡∏Å‡∏≥‡∏õ‡∏≠‡∏á‡πÑ‡∏î‡πâ‡πÄ‡∏•‡∏¢ 

‡πÅ‡∏•‡πâ‡∏ß‡∏Å‡πá‡πÄ‡∏î‡∏¥‡∏ô‡πÄ‡∏Ç‡πâ‡∏≤‡πÑ‡∏õ‡πÄ‡∏ó‡∏µ‡πà‡∏¢‡∏ß‡πÉ‡∏ô‡∏´‡∏°‡∏π‡πà‡∏ö‡πâ‡∏≤‡∏ô ‡∏Ç‡∏≠‡∏á‡∏Å‡∏¥‡∏ô‡πÄ‡∏û‡∏µ‡∏¢‡∏ö ‡∏£‡πâ‡∏≤‡∏ô‡∏î‡∏±‡∏á‡πÄ‡∏¢‡∏≠‡∏∞ ‡∏°‡∏µ‡∏°‡∏∏‡∏°‡∏ñ‡πà‡∏≤‡∏¢‡∏£‡∏π‡∏õ‡∏™‡∏ß‡∏¢‡πÜ ‡πÄ‡∏û‡∏µ‡∏¢‡∏ö ‡∏ß‡∏±‡∏ô‡∏ò‡∏£‡∏£‡∏°‡∏î‡∏≤‡∏Ñ‡∏ô‡∏ô‡πâ‡∏≠‡∏¢‡∏î‡∏µ‡∏à‡∏±‡∏á 

‡∏°‡∏µ‡πÇ‡∏≠‡∏Å‡∏≤‡∏™ ‡∏≠‡∏¢‡πà‡∏≤‡∏û‡∏•‡∏≤‡∏î‡πÄ‡∏•‡∏¢‡∏Ñ‡∏£‡∏±‡∏ö"
51,"‡∏Å‡∏¥‡∏à‡∏Å‡∏£‡∏£‡∏°‡πÅ‡∏ô‡∏∞‡∏ô‡∏≥: ‡∏ñ‡πà‡∏≤‡∏¢‡∏£‡∏π‡∏õ, ‡∏ô‡∏≠‡∏ô‡∏Ñ‡πâ‡∏≤‡∏á‡∏Ñ‡∏∑‡∏ô‡∏£‡∏∞‡∏¢‡∏∞‡πÄ‡∏ß‡∏•‡∏≤‡∏ó‡∏µ‡πà‡πÉ‡∏ä‡πâ‡∏Å‡∏±‡∏ö‡∏™‡∏ñ‡∏≤‡∏ô‡∏ó‡∏µ‡πà‡∏ô‡∏µ‡πâ: ‡∏ï‡∏•‡∏≠‡∏î‡∏ó‡∏±‡πâ‡∏á‡∏ß‡∏±‡∏ô","‡∏ó‡∏£‡∏¥‡∏õ‡πÄ‡∏ä‡∏µ‡∏¢‡∏á‡∏£‡∏≤‡∏¢‡∏ó‡∏µ‡πà‡∏ú‡πà‡∏≤‡∏ô‡∏°‡∏≤ ‡πÑ‡∏î‡πâ‡πÑ‡∏õ‡πÄ‡∏ó‡∏µ‡πà‡∏¢‡∏ß‡∏†‡∏≤‡∏¢‡πÉ‡∏ô‡πÇ‡∏Ñ‡∏£‡∏á‡∏Å‡∏≤‡∏£‡∏û‡∏±‡∏í‡∏ô‡∏≤‡∏î‡∏≠‡∏¢‡∏ï‡∏∏‡∏á ‡∏ä‡πà‡∏ß‡∏á‡∏ó‡∏µ‡πà‡πÑ‡∏õ‡∏ï‡∏£‡∏á‡∏Å‡∏±‡∏ö‡πÄ‡∏ó‡∏®‡∏Å‡∏≤‡∏• ""‡∏™‡∏µ‡∏™‡∏±‡∏ô‡πÅ‡∏´‡πà‡∏á‡∏î‡∏≠‡∏¢‡∏ï‡∏∏‡∏á ‡∏Ñ‡∏£‡∏±‡πâ‡∏á‡∏ó‡∏µ‡πà 8"" ‡∏†‡∏≤‡∏¢‡πÉ‡∏ô‡∏á‡∏≤‡∏ô‡∏°‡∏µ‡∏™‡∏¥‡∏ô‡∏Ñ‡πâ‡∏≤‡∏´‡∏±‡∏ï‡∏Å‡∏£‡∏£‡∏° ‡∏™‡∏¥‡∏ô‡∏Ñ‡πâ‡∏≤‡πÄ‡∏Å‡∏©‡∏ï‡∏£ ‡∏ú‡∏•‡∏¥‡∏ï‡∏†‡∏±‡∏ì‡∏ë‡πå‡πÅ‡∏õ‡∏£‡∏£‡∏π‡∏õ ‡∏ä‡∏°‡∏Å‡∏≤‡∏£‡πÅ‡∏™‡∏î‡∏á‡∏Ç‡∏≠‡∏á‡∏ä‡∏ô‡πÄ‡∏ú‡πà‡∏≤ ‡∏à‡∏≥‡∏´‡∏ô‡πà‡∏≤‡∏¢‡∏≠‡∏≤‡∏´‡∏≤‡∏£-‡πÄ‡∏Ñ‡∏£‡∏∑‡πà‡∏≠‡∏á‡∏î‡∏∑‡πà‡∏°‡∏à‡∏≤‡∏Å‡∏ß‡∏±‡∏ï‡∏ñ‡∏∏‡∏î‡∏¥‡∏ö‡πÉ‡∏ô‡∏ó‡πâ‡∏≠‡∏á‡∏ñ‡∏¥‡πà‡∏ô ‡πÉ‡∏ä‡πâ‡∏†‡∏≤‡∏ä‡∏ô‡∏∞‡∏¢‡πà‡∏≠‡∏¢‡∏™‡∏•‡∏≤‡∏¢‡πÑ‡∏î‡πâ ‡∏ó‡∏±‡πâ‡∏á‡πÉ‡∏ö‡∏ï‡∏≠‡∏á ‡∏Å‡∏£‡∏∞‡∏î‡∏≤‡∏© ‡πÅ‡∏ó‡∏ô‡∏û‡∏•‡∏≤‡∏™‡∏ï‡∏¥‡∏Å ‡∏°‡∏µ‡πÇ‡∏ï‡πä‡∏∞‡πÉ‡∏´‡πâ‡∏ô‡∏±‡πà‡∏á‡∏ó‡∏≤‡∏ô‡∏û‡∏£‡πâ‡∏≠‡∏°‡∏à‡∏∏‡∏î‡πÅ‡∏¢‡∏Å‡∏Ç‡∏¢‡∏∞‡∏Å‡πà‡∏≠‡∏ô‡∏ó‡∏¥‡πâ‡∏á‡∏î‡πâ‡∏ß‡∏¢ ‡πÄ‡∏ó‡∏®‡∏Å‡∏≤‡∏•‡∏ô‡∏µ‡πâ‡∏à‡∏ö‡∏•‡∏á‡πÄ‡∏°‡∏∑‡πà‡∏≠‡∏ß‡∏±‡∏ô‡∏ó‡∏µ‡πà 30 ‡∏°.‡∏Ñ. 2565 ‡∏ó‡∏µ‡πà‡∏ú‡πà‡∏≤‡∏ô‡∏°‡∏≤

‡∏´‡∏≤‡∏Å‡πÉ‡∏Ñ‡∏£‡∏Ñ‡∏¥‡∏î‡∏ñ‡∏∂‡∏á‡∏ö‡∏£‡∏£‡∏¢‡∏≤‡∏Å‡∏≤‡∏® ‡∏™‡∏¥‡∏ô‡∏Ñ‡πâ‡∏≤‡∏´‡∏±‡∏ï‡∏Å‡∏£‡∏£‡∏° ‡πÄ‡∏°‡∏ô‡∏π‡∏≠‡∏≤‡∏´‡∏≤‡∏£‡πÄ‡∏´‡∏ô‡∏∑‡∏≠ ‡πÅ‡∏ï‡πà‡πÑ‡∏°‡πà‡∏≠‡∏¢‡∏≤‡∏Å‡πÄ‡∏î‡∏¥‡∏ô‡∏ó‡∏≤‡∏á‡πÑ‡∏Å‡∏• ‡∏™‡∏≤‡∏°‡∏≤‡∏£‡∏ñ‡πÑ‡∏õ‡∏£‡πà‡∏ß‡∏°‡∏á‡∏≤‡∏ô #‡∏Å‡∏≤‡∏î‡∏î‡∏≠‡∏¢‡∏ï‡∏∏‡∏á ‡πÑ‡∏î‡πâ‡∏ó‡∏µ‡πà‡∏ä‡∏±‡πâ‡∏ô 3 ‡πÄ‡∏ã‡πá‡∏ô‡∏ó‡∏£‡∏±‡∏•‡∏ä‡∏¥‡∏î‡∏•‡∏° 
‡∏£‡∏∞‡∏´‡∏ß‡πà‡∏≤‡∏á ‡∏ß‡∏±‡∏ô‡∏ó‡∏µ‡πà 24 ‡∏Å‡∏∏‡∏°‡∏†‡∏≤‡∏û‡∏±‡∏ô‡∏ò‡πå ‡∏ñ‡∏∂‡∏á 6 ‡∏°‡∏µ‡∏ô‡∏≤‡∏Ñ‡∏° 2565

#‡∏£‡∏µ‡∏ß‡∏¥‡∏ß‡∏ó‡∏µ‡πà 3293
‡∏ñ‡πà‡∏≤‡∏¢‡πÄ‡∏°‡∏∑‡πà‡∏≠‡∏ß‡∏±‡∏ô‡∏ó‡∏µ‡πà 28 ‡∏ò‡∏±‡∏ô‡∏ß‡∏≤‡∏Ñ‡∏° 64"
52,"‡∏Å‡∏¥‡∏à‡∏Å‡∏£‡∏£‡∏°‡πÅ‡∏ô‡∏∞‡∏ô‡∏≥: ‡∏ñ‡πà‡∏≤‡∏¢‡∏£‡∏π‡∏õ, ‡∏ó‡∏≤‡∏ô‡∏≠‡∏≤‡∏´‡∏≤‡∏£, ‡∏Ñ‡∏≤‡πÄ‡∏ü‡πà","‡∏≠‡∏∏‡∏ó‡∏¢‡∏≤‡∏ô‡∏õ‡∏£‡∏∞‡∏ß‡∏±‡∏ï‡∏¥‡∏®‡∏≤‡∏™‡∏ï‡∏£‡πå‡∏û‡∏ô‡∏°‡∏£‡∏∏‡πâ‡∏á ‡∏≠‡∏≥‡πÄ‡∏†‡∏≠‡πÄ‡∏â‡∏•‡∏¥‡∏°‡∏û‡∏£‡∏∞‡πÄ‡∏Å‡∏µ‡∏¢‡∏£‡∏ï‡∏¥ ‡∏à‡∏±‡∏á‡∏´‡∏ß‡∏±‡∏î‡∏ö‡∏∏‡∏£‡∏µ‡∏£‡∏±‡∏°‡∏¢‡πå 

‡∏°‡∏µ‡∏Ñ‡πà‡∏≤‡πÄ‡∏Ç‡πâ‡∏≤‡∏Ñ‡∏ô‡∏•‡∏∞ 20 ‡∏ö‡∏≤‡∏ó
‡∏Ñ‡πà‡∏≤‡∏£‡∏ñ‡∏Ñ‡∏±‡∏ô‡∏•‡∏∞ 50 ‡∏ö‡∏≤‡∏ó 

‡∏õ‡∏£‡∏≤‡∏™‡∏≤‡∏ó‡∏´‡∏¥‡∏ô‡∏û‡∏ô‡∏°‡∏£‡∏∏‡πâ‡∏á ‡∏ï‡∏±‡πâ‡∏á‡∏≠‡∏¢‡∏π‡πà‡∏ö‡∏ô‡∏¢‡∏≠‡∏î‡∏†‡∏π‡πÄ‡∏Ç‡∏≤ ‡∏™‡∏π‡∏á‡∏õ‡∏£‡∏∞‡∏°‡∏≤‡∏ì 200-350 ‡πÄ‡∏°‡∏ï‡∏£  ‡∏à‡∏≤‡∏Å‡∏£‡∏∞‡∏î‡∏±‡∏ö‡∏ô‡πâ‡∏≥‡∏ó‡∏∞‡πÄ‡∏•‡∏õ‡∏≤‡∏ô‡∏Å‡∏•‡∏≤‡∏á ‡∏°‡∏µ‡∏û‡∏∑‡πâ‡∏ô‡∏ó‡∏µ‡πà‡∏Ñ‡πà‡∏≠‡∏ô‡∏Ç‡πâ‡∏≤‡∏á‡πÉ‡∏´‡∏ç‡πà ‡πÄ‡∏î‡∏¥‡∏ô‡πÄ‡∏ó‡∏µ‡πà‡∏¢‡∏ß‡∏ñ‡πà‡∏≤‡∏¢‡∏£‡∏π‡∏õ‡∏Å‡∏±‡∏ô‡πÄ‡∏´‡∏ô‡∏∑‡πà‡∏≠‡∏¢‡πÄ‡∏•‡∏¢‡∏Ñ‡∏£‡∏±‡∏ö ‡∏≠‡∏≤‡∏Å‡∏≤‡∏®‡∏Å‡πá‡∏£‡πâ‡∏≠‡∏ô üòÖ

‡∏à‡∏∏‡∏î‡∏î‡πâ‡∏≤‡∏ô‡∏•‡πà‡∏≤‡∏á‡∏Ç‡∏≠‡∏á‡∏ï‡∏±‡∏ß‡∏õ‡∏£‡∏≤‡∏™‡∏≤‡∏ó‡∏°‡∏µ‡∏£‡πâ‡∏≤‡∏ô‡∏Ç‡∏≤‡∏¢‡∏Ç‡∏≠‡∏É‡∏ù‡∏≤‡∏Å ‡∏£‡πâ‡∏≤‡∏ô‡∏Ç‡∏≤‡∏¢‡∏ô‡πâ‡∏≥ ‡∏à‡∏∞‡πÄ‡∏Ç‡πâ‡∏≤‡∏ó‡∏≤‡∏á‡∏î‡πâ‡∏≤‡∏ô‡∏•‡πà‡∏≤‡∏á ‡∏´‡∏£‡∏∑‡∏≠‡∏î‡πâ‡∏≤‡∏ô‡∏ö‡∏ô‡∏Å‡πá‡πÑ‡∏î‡πâ‡∏´‡∏°‡∏î ‡πÉ‡∏ä‡πâ‡∏Ñ‡∏π‡∏õ‡∏≠‡∏á‡πÉ‡∏ö‡πÄ‡∏î‡∏µ‡∏¢‡∏ß‡∏Å‡∏±‡∏ô‡πÑ‡∏î‡πâ‡∏ï‡∏•‡∏≠‡∏î‡∏ó‡∏±‡πâ‡∏á‡∏ß‡∏±‡∏ô‡∏Ñ‡∏£‡∏±‡∏ö 

‡πÉ‡∏Ñ‡∏£‡∏°‡∏µ‡πÇ‡∏≠‡∏Å‡∏≤‡∏™‡∏ú‡πà‡∏≤‡∏ô‡∏°‡∏≤‡πÅ‡∏ñ‡∏ß‡∏ô‡∏µ‡πâ‡∏≠‡∏¢‡∏≤‡∏Å‡πÉ‡∏´‡πâ‡πÅ‡∏ß‡∏∞‡πÄ‡∏Ç‡πâ‡∏≤‡∏°‡∏≤‡∏ä‡∏°‡∏Ñ‡∏£‡∏±‡∏ö ‡πÑ‡∏î‡πâ‡∏°‡∏≤‡∏®‡∏∂‡∏Å‡∏©‡∏≤‡πÄ‡∏£‡∏µ‡∏¢‡∏ô‡∏£‡∏π‡πâ‡∏õ‡∏£‡∏∞‡∏ß‡∏±‡∏ï‡∏¥‡∏®‡∏≤‡∏™‡∏ï‡∏£‡πå‡πÉ‡∏´‡πâ‡πÄ‡∏Ç‡πâ‡∏≤‡πÉ‡∏à‡∏°‡∏≤‡∏Å‡∏Ç‡∏∂‡πâ‡∏ô

#Wongnaisongkran2023"
53,4.6 106 ‡πÄ‡∏£‡∏ï‡∏ï‡∏¥‡πâ‡∏á (82 ‡∏£‡∏µ‡∏ß‡∏¥‡∏ß)‡πÑ‡∏£‡πà/‡∏ü‡∏≤‡∏£‡πå‡∏°/‡∏™‡∏ß‡∏ô‡πÄ‡∏Å‡∏©‡∏ï‡∏£‚Ä¢‡πÑ‡∏°‡πà‡∏°‡∏µ‡∏Ñ‡πà‡∏≤‡πÄ‡∏Ç‡πâ‡∏≤‡∏ä‡∏°‡∏õ‡∏¥‡∏î‡∏≠‡∏¢‡∏π‡πà‡∏à‡∏∞‡πÄ‡∏õ‡∏¥‡∏î‡πÉ‡∏ô‡πÄ‡∏ß‡∏•‡∏≤ 08:30,"- ‡∏Ç‡∏±‡∏ö‡∏£‡∏ñ‡πÑ‡∏õ‡∏ï‡∏≤‡∏° google map ‡∏ñ‡∏∂‡∏á‡∏ó‡∏µ‡πà‡∏´‡∏°‡∏≤‡∏¢‡πÅ‡∏ó‡πâ‡πÅ‡∏ô‡πà‡∏ô‡∏≠‡∏ô‡πÑ‡∏°‡πà‡∏°‡∏µ‡∏´‡∏•‡∏á‡∏ó‡∏≤‡∏á
- ‡∏°‡∏µ‡∏ö‡∏£‡∏¥‡∏Å‡∏≤‡∏£‡∏ó‡∏µ‡πà‡∏à‡∏≠‡∏î‡∏£‡∏ñ‡∏ü‡∏£‡∏µ‡∏ö‡∏£‡∏¥‡πÄ‡∏ß‡∏ì‡∏î‡πâ‡∏≤‡∏ô‡∏´‡∏ô‡πâ‡∏≤‡∏õ‡∏£‡∏∞‡∏ï‡∏π‡∏ó‡∏≤‡∏á‡πÄ‡∏Ç‡πâ‡∏≤‡πÄ‡∏•‡∏¢ ‡∏õ‡∏£‡∏¥‡∏°‡∏≤‡∏ì‡∏°‡∏≤‡∏Å‡∏û‡∏≠‡∏™‡∏°‡∏Ñ‡∏ß‡∏£
- ‡∏ö‡∏£‡∏£‡∏¢‡∏≤‡∏Å‡∏≤‡∏®‡∏î‡∏µ ‡∏ï‡πâ‡∏ô‡πÑ‡∏°‡πâ‡πÄ‡∏Ç‡∏µ‡∏¢‡∏ß‡πÜ ‡∏™‡∏π‡∏á‡πÜ ‡∏ä‡πà‡∏ß‡∏¢‡∏ö‡∏≥‡∏ö‡∏±‡∏î‡πÅ‡∏•‡∏∞‡∏ú‡πà‡∏≠‡∏ô‡∏Ñ‡∏•‡∏≤‡∏¢‡∏Ñ‡∏ß‡∏≤‡∏°‡∏£‡∏π‡πâ‡∏™‡∏∂‡∏Å‡πÑ‡∏î‡πâ‡∏î‡∏µ‡∏ó‡∏µ‡πÄ‡∏î‡∏µ‡∏¢‡∏ß ‡∏ß‡∏¥‡∏ß‡∏™‡∏ß‡∏¢ ‡∏£‡∏∞‡∏¢‡∏∞‡∏ó‡∏≤‡∏á‡πÄ‡∏î‡∏¥‡∏ô‡∏Å‡πá‡πÑ‡∏°‡πà‡πÄ‡∏´‡∏ô‡∏∑‡πà‡∏≠‡∏¢‡∏°‡∏≤‡∏Å
- ‡∏Ñ‡πà‡∏≤‡πÄ‡∏Ç‡πâ‡∏≤‡∏ä‡∏° ‡∏Ñ‡∏ô‡∏•‡∏∞ 40 ‡∏ö‡∏≤‡∏ó"
54,"‡∏Å‡∏¥‡∏à‡∏Å‡∏£‡∏£‡∏°‡πÅ‡∏ô‡∏∞‡∏ô‡∏≥: ‡∏ñ‡πà‡∏≤‡∏¢‡∏£‡∏π‡∏õ, ‡∏ó‡∏≤‡∏ô‡∏≠‡∏≤‡∏´‡∏≤‡∏£, ‡∏ä‡∏¥‡∏°‡∏ä‡∏≤‡∏£‡∏∞‡∏¢‡∏∞‡πÄ‡∏ß‡∏•‡∏≤‡∏ó‡∏µ‡πà‡πÉ‡∏ä‡πâ‡∏Å‡∏±‡∏ö‡∏™‡∏ñ‡∏≤‡∏ô‡∏ó‡∏µ‡πà‡∏ô‡∏µ‡πâ: 1 - 2 ‡∏ä‡∏±‡πà‡∏ß‡πÇ‡∏°‡∏á","‡πÄ‡∏õ‡πá‡∏ô‡∏™‡∏ß‡∏ô‡∏û‡∏§‡∏Å‡∏©‡∏®‡∏≤‡∏™‡∏ï‡∏£‡πå‡∏Ç‡∏ô‡∏≤‡∏î‡πÉ‡∏´‡∏ç‡πà‡πÑ‡∏î‡πâ‡∏°‡∏≤‡∏ï‡∏£‡∏ê‡∏≤‡∏ô‡∏£‡∏∞‡∏î‡∏±‡∏ö‡∏™‡∏≤‡∏Å‡∏• ‡∏ï‡∏±‡πâ‡∏á‡∏≠‡∏¢‡∏π‡πà‡∏ö‡∏ô‡∏ñ‡∏ô‡∏ô‡πÅ‡∏°‡πà‡∏£‡∏¥‡∏°-‡∏™‡∏∞‡πÄ‡∏°‡∏¥‡∏á ‡πÄ‡∏õ‡∏¥‡∏î‡πÉ‡∏´‡πâ‡∏ö‡∏£‡∏¥‡∏Å‡∏≤‡∏£‡∏ó‡∏∏‡∏Å‡∏ß‡∏±‡∏ô‡∏ï‡∏±‡πâ‡∏á‡πÅ‡∏ï‡πà‡πÄ‡∏ß‡∏•‡∏≤ 8.30-16.30‡∏ô. ‡πÇ‡∏î‡∏¢‡∏°‡∏µ‡∏Ñ‡πà‡∏≤‡πÄ‡∏Ç‡πâ‡∏≤‡∏ä‡∏°‡∏ú‡∏π‡πâ‡πÉ‡∏´‡∏ç‡πà 40‡∏ø 
‡∏†‡∏≤‡∏¢‡πÉ‡∏ô‡πÅ‡∏ö‡πà‡∏á‡πÄ‡∏õ‡πá‡∏ô‡∏´‡∏•‡∏≤‡∏¢‡πÇ‡∏ã‡∏ô ‡∏ö‡∏£‡∏£‡∏¢‡∏≤‡∏Å‡∏≤‡∏®‡∏£‡πà‡∏°‡∏£‡∏∑‡πà‡∏ô ‡πÑ‡∏Æ‡πÑ‡∏•‡∏ó‡πå‡∏Ç‡∏≠‡∏á‡∏ó‡∏µ‡πà‡∏ô‡∏µ‡πà‡∏Ñ‡∏∑‡∏≠ Canopy Walk ‡∏£‡∏∞‡∏¢‡∏∞‡∏ó‡∏≤‡∏á‡∏õ‡∏£‡∏∞‡∏°‡∏≤‡∏ì 400m ‡πÄ‡∏´‡πá‡∏ô‡∏ß‡∏¥‡∏ß‡∏°‡∏∏‡∏°‡∏™‡∏π‡∏á‡πÅ‡∏ö‡∏ö‡∏û‡∏≤‡πÇ‡∏ô‡∏£‡∏≤‡∏°‡πà‡∏≤ ‡∏ó‡∏±‡πâ‡∏á‡∏™‡∏ß‡∏¢‡πÅ‡∏•‡∏∞‡∏™‡∏ô‡∏∏‡∏Å 
‡∏ô‡∏≠‡∏Å‡∏à‡∏≤‡∏Å‡∏ô‡∏µ‡πâ‡∏¢‡∏±‡∏á‡∏°‡∏µ‡πÄ‡∏™‡πâ‡∏ô‡∏ó‡∏≤‡∏á‡∏®‡∏∂‡∏Å‡∏©‡∏≤‡∏ò‡∏£‡∏£‡∏°‡∏ä‡∏≤‡∏ï‡∏¥‡∏≠‡∏∑‡πà‡∏ô‡πÜ‡∏≠‡∏µ‡∏Å‡πÄ‡∏ä‡πà‡∏ô ‡πÑ‡∏î‡πâ‡πÅ‡∏Å‡πà ‡πÄ‡∏™‡πâ‡∏ô‡∏ó‡∏≤‡∏á‡∏™‡∏ß‡∏ô‡∏£‡∏∏‡∏Å‡∏ä‡∏≤‡∏ï‡∏¥ ‡∏ï‡πâ‡∏ô‡πÑ‡∏°‡πâ‡πÉ‡∏ô‡∏Å‡∏•‡∏∏‡πà‡∏°‡πÄ‡∏ü‡∏¥‡∏£‡πå‡∏ô, ‡πÄ‡∏™‡πâ‡∏ô‡∏ó‡∏≤‡∏á‡∏û‡∏±‡∏ô‡∏ò‡∏∏‡πå‡πÑ‡∏°‡πâ‡πÑ‡∏ó‡∏¢‡πÅ‡∏•‡∏∞‡∏û‡∏∑‡∏ä‡∏™‡∏°‡∏∏‡∏ô‡πÑ‡∏û‡∏£, ‡πÄ‡∏™‡πâ‡∏ô‡∏ó‡∏≤‡∏á‡∏ß‡∏•‡∏±‡∏¢‡∏ä‡∏≤‡∏ï‡∏¥ ‡∏Å‡∏•‡∏∏‡πà‡∏°‡πÑ‡∏°‡πâ‡πÄ‡∏•‡∏∑‡πâ‡∏≠‡∏¢, ‡πÄ‡∏™‡πâ‡∏ô‡∏ó‡∏≤‡∏á‡∏ô‡πâ‡∏≥‡∏ï‡∏Å‡πÅ‡∏°‡πà‡∏™‡∏≤‡∏ô‡πâ‡∏≠‡∏¢-‡∏™‡∏ß‡∏ô‡∏´‡∏¥‡∏ô-‡πÄ‡∏£‡∏∑‡∏≠‡∏ô‡∏£‡∏ß‡∏°‡∏û‡∏±‡∏ô‡∏ò‡∏∏‡πå‡∏Å‡∏•‡πâ‡∏ß‡∏¢‡πÑ‡∏°‡πâ‡πÑ‡∏ó‡∏¢ ‡πÄ‡∏î‡∏¥‡∏ô‡πÄ‡∏•‡πà‡∏ô‡πÑ‡∏î‡πâ‡∏ó‡∏±‡πâ‡∏á‡∏ß‡∏±‡∏ô‡πÑ‡∏°‡πà‡πÄ‡∏ö‡∏∑‡πà‡∏≠ 

#Wongnaisongkran2023"
55,,"‡∏ß‡∏±‡∏ô‡∏ô‡∏µ‡πâ‡∏à‡∏∞‡∏°‡∏≤‡πÅ‡∏ô‡∏∞‡∏ô‡∏≥ ‡∏™‡∏ñ‡∏≤‡∏ô‡∏ó‡∏µ‡πà‡∏ó‡πà‡∏≠‡∏á‡πÄ‡∏ó‡∏µ‡πà‡∏¢‡∏ß ‡πÄ‡∏£‡∏µ‡∏¢‡∏Å‡∏ß‡πà‡∏≤‡πÄ‡∏õ‡πá‡∏ô‡∏≠‡∏µ‡∏Å‡∏´‡∏ô‡∏∂‡πà‡∏á ‡πÑ‡∏Æ‡πÑ‡∏•‡∏ï‡πå‡∏Ç‡∏≠‡∏á‡∏à‡∏±‡∏á‡∏´‡∏ß‡∏±‡∏î‡πÄ‡∏ä‡∏µ‡∏¢‡∏á‡∏£‡∏≤‡∏¢ ‡∏ó‡∏µ‡πà‡∏ï‡πâ‡∏≠‡∏á‡∏´‡πâ‡∏≤‡∏°‡∏û‡∏•‡∏≤‡∏î‡πÄ‡∏•‡∏¢‡∏Ñ‡∏£‡∏±‡∏ö 

‡∏ó‡∏µ‡πà‡∏ô‡∏µ‡πâ‡∏≠‡∏¢‡∏π‡πà‡∏´‡πà‡∏≤‡∏á‡∏à‡∏≤‡∏Å‡∏ï‡∏±‡∏ß‡πÄ‡∏°‡∏∑‡∏≠‡∏á ‡∏õ‡∏£‡∏∞‡∏°‡∏≤‡∏ì 20 ‡∏Å‡∏¥‡πÇ‡∏•‡πÄ‡∏°‡∏ï‡∏£ 

‡∏°‡∏≤‡∏ñ‡∏∂‡∏á‡∏ö‡∏£‡∏¥‡πÄ‡∏ß‡∏ì‡∏ó‡∏≤‡∏á‡πÄ‡∏Ç‡πâ‡∏≤ ‡∏Å‡πá‡∏à‡∏∞‡πÄ‡∏à‡∏≠‡∏™‡∏¥‡∏á‡∏´‡πå‡∏ó‡∏≠‡∏á ‡∏™‡∏±‡∏ç‡∏ç‡∏≤‡∏•‡∏±‡∏Å‡∏©‡∏ì‡πå‡∏Ç‡∏≠‡∏á‡∏™‡∏¥‡∏á‡∏´‡πå ‡πÅ‡∏•‡∏∞‡∏Å‡πá‡∏™‡∏≤‡∏°‡∏≤‡∏£‡∏ñ‡∏Ç‡∏±‡∏ö‡∏£‡∏ñ‡∏°‡∏≤‡∏î‡πâ‡∏≤‡∏ô‡πÉ‡∏ô‡πÑ‡∏î‡πâ ‡∏°‡∏µ‡∏û‡∏∑‡πâ‡∏ô‡∏ó‡∏µ‡πà ‡∏™‡∏≥‡∏´‡∏£‡∏±‡∏ö‡∏ß‡∏¥‡πà‡∏á ‡∏≠‡∏≠‡∏Å‡∏Å‡∏≥‡∏•‡∏±‡∏á‡∏Å‡∏≤‡∏¢ ‡∏ß‡∏¥‡∏ß‡∏™‡∏ß‡∏¢‡∏°‡∏≤‡∏Å‡πÜ ‡πÇ‡∏î‡∏¢‡πÄ‡∏â‡∏û‡∏≤‡∏∞‡πÉ‡∏Å‡∏•‡πâ‡∏û‡∏£‡∏∞‡∏≠‡∏≤‡∏ó‡∏¥‡∏ï‡∏¢‡πå‡∏ï‡∏Å‡∏î‡∏¥‡∏ô

‡∏°‡∏µ‡πÇ‡∏≠‡∏Å‡∏≤‡∏™ ‡∏°‡∏≤‡∏•‡∏≠‡∏á‡∏Å‡∏±‡∏ô‡∏Ñ‡∏£‡∏±‡∏ö"
56,,"‡∏°‡∏≤‡πÄ‡∏¢‡∏∑‡∏≠‡∏ô‡∏õ‡∏£‡∏≤‡∏™‡∏≤‡∏ó‡∏´‡∏¥‡∏ô‡∏û‡∏ô‡∏°‡∏£‡∏∏‡πâ‡∏á‡πÅ‡∏•‡∏∞‡∏õ‡∏£‡∏≤‡∏™‡∏≤‡∏ó‡πÄ‡∏°‡∏∑‡∏≠‡∏á‡∏ï‡πà‡∏≥‡∏´‡∏ô‡∏∂‡πà‡∏á‡πÉ‡∏ô‡∏õ‡∏£‡∏≤‡∏™‡∏≤‡∏ó‡∏´‡∏¥‡∏ô‡∏Ç‡∏≠‡∏°‡∏ó‡∏µ‡πà‡∏≠‡∏¢‡∏π‡πà‡πÉ‡∏ô‡∏õ‡∏£‡∏∞‡πÄ‡∏ó‡∏®‡πÑ‡∏ó‡∏¢‡πÅ‡∏•‡∏∞‡∏°‡∏µ‡∏ä‡∏∑‡πà‡∏≠‡πÄ‡∏™‡∏µ‡∏¢‡∏á‡∏°‡∏≤‡∏Å‡∏ó‡∏µ‡πà‡∏™‡∏∏‡∏î ‡πÄ‡∏õ‡πá‡∏ô‡∏™‡∏ñ‡∏≤‡∏ô‡∏ó‡∏µ‡πà‡∏ó‡πà‡∏≠‡∏á‡πÄ‡∏ó‡∏µ‡πà‡∏¢‡∏ß‡∏ó‡∏µ‡πà‡∏™‡∏≥‡∏Ñ‡∏±‡∏ç‡∏ó‡∏µ‡πà‡∏™‡∏∏‡∏î‡πÅ‡∏´‡πà‡∏á‡∏´‡∏ô‡∏∂‡πà‡∏á‡∏Ç‡∏≠‡∏á‡∏à‡∏±‡∏á‡∏´‡∏ß‡∏±‡∏î‡∏ö‡∏∏‡∏£‡∏µ‡∏£‡∏±‡∏°‡∏¢‡πå ‡πÅ‡∏•‡∏∞‡∏ñ‡∏∑‡∏≠‡πÄ‡∏õ‡πá‡∏ô‡∏™‡∏±‡∏ç‡∏•‡∏±‡∏Å‡∏©‡∏ì‡πå‡∏ó‡∏µ‡πà‡∏™‡∏≥‡∏Ñ‡∏±‡∏ç‡∏Ç‡∏≠‡∏á‡∏à‡∏±‡∏á‡∏´‡∏ß‡∏±‡∏î‡∏ö‡∏∏‡∏£‡∏µ‡∏£‡∏±‡∏°‡∏¢‡πå ‡∏ñ‡πâ‡∏≤‡∏°‡∏≤‡∏ö‡∏∏‡∏£‡∏µ‡∏£‡∏±‡∏°‡∏¢‡πå‡πÅ‡∏•‡πâ‡∏ß‡∏°‡∏≤‡πÑ‡∏°‡πà‡∏ñ‡∏∂‡∏á‡∏û‡∏ô‡∏°‡∏£‡∏∏‡πâ‡∏á‡∏Å‡πá‡πÄ‡∏£‡∏µ‡∏¢‡∏Å‡πÑ‡∏î‡πâ‡∏ß‡πà‡∏≤ ""‡∏¢‡∏±‡∏á‡∏°‡∏≤‡πÑ‡∏°‡πà‡∏ñ‡∏∂‡∏á""
‡πÉ‡∏ô‡∏ó‡∏∏‡∏Å‡∏ï‡πâ‡∏ô‡πÄ‡∏î‡∏∑‡∏≠‡∏ô‡πÄ‡∏°‡∏©‡∏≤‡∏¢‡∏ô‡∏Å‡∏±‡∏ö‡∏Å‡∏±‡∏ô‡∏¢‡∏≤‡∏¢‡∏ô ‡∏à‡∏∞‡∏°‡∏µ‡∏õ‡∏£‡∏≤‡∏Å‡∏è‡∏Å‡∏≤‡∏£‡∏ì‡πå‡∏î‡∏ß‡∏á‡∏≠‡∏≤‡∏ó‡∏¥‡∏ï‡∏¢‡πå‡∏Ç‡∏∂‡πâ‡∏ô ‡∏™‡πà‡∏≠‡∏á‡πÅ‡∏™‡∏á‡∏•‡∏≠‡∏î‡∏õ‡∏£‡∏∞‡∏ï‡∏π‡∏ó‡∏±‡πâ‡∏á 15 ‡∏ä‡πà‡∏≠‡∏á ‡∏ú‡∏π‡πâ‡∏Ñ‡∏ô‡∏ï‡πà‡∏≤‡∏á‡πÄ‡∏î‡∏¥‡∏ô‡∏ó‡∏≤‡∏á‡∏°‡∏≤‡πÄ‡∏û‡∏∑‡πà‡∏≠‡∏ä‡∏°‡∏õ‡∏£‡∏≤‡∏Å‡∏è‡∏Å‡∏≤‡∏£‡∏ì‡πå‡∏ô‡∏µ‡πâ‡∏≠‡∏¢‡πà‡∏≤‡∏á‡πÄ‡∏ô‡∏∑‡∏≠‡∏á‡πÅ‡∏ô‡πà‡∏ô‡∏ó‡∏∏‡∏Å‡∏õ‡∏µ 

#‡∏ô‡∏±‡∏Å‡∏ó‡πà‡∏≠‡∏á‡πÄ‡∏ó‡∏µ‡πà‡∏¢‡∏ß‡∏ó‡∏µ‡πà‡∏î‡∏µ  #‡∏î‡∏µ‡∏•‡∏î‡∏µ‡∏£‡πâ‡∏≤‡∏ô‡πÄ‡∏î‡πá‡∏î‡πÇ‡∏û‡∏™‡∏ï‡πå‡πÄ‡∏™‡∏£‡πá‡∏à‡∏ö‡∏≠‡∏Å‡∏ï‡πà‡∏≠ #‡∏£‡πà‡∏ß‡∏°‡πÄ‡∏õ‡πá‡∏ô‡∏ô‡∏±‡∏Å‡∏ó‡πà‡∏≠‡∏á‡πÄ‡∏ó‡∏µ‡πà‡∏¢‡∏ß‡∏ï‡πâ‡∏ô‡πÅ‡∏ö‡∏ö"
57,,"‡∏≠‡∏µ‡∏Å‡∏´‡∏ô‡∏∂‡πà‡∏á‡πÅ‡∏•‡∏ô‡∏î‡πå‡∏°‡∏≤‡∏£‡πå‡∏Ñ‚Äã‡∏Ç‡∏≠‡∏á‡πÄ‡∏ä‡∏µ‡∏¢‡∏á‡∏£‡∏≤‡∏¢‡πÄ‡∏•‡∏¢‡∏Å‡πá‡∏ß‡πà‡∏≤‡πÑ‡∏î‡πâ‚Äã ‡∏ä‡πà‡∏ß‡∏á‡∏Å‡∏•‡∏≤‡∏á‡∏ß‡∏±‡∏ô‡∏°‡∏µ‡∏Å‡∏¥‡∏à‡∏Å‡∏£‡∏£‡∏°‡∏ï‡πà‡∏≤‡∏á‡πÜ‡∏†‡∏≤‡∏¢‡πÉ‡∏ô‡∏™‡∏ß‡∏ô‡∏´‡∏•‡∏≤‡∏¢‡∏≠‡∏¢‡πà‡∏≤‡∏á
‡∏ï‡∏≠‡∏ô‡πÄ‡∏¢‡πá‡∏ô‚Äã‡∏ö‡∏£‡∏£‡∏¢‡∏≤‡∏Å‡∏≤‡∏®‚Äã‡∏î‡∏µ‚Äã ‡∏ñ‡πà‡∏≤‡∏¢‡∏£‡∏π‡∏õ‚Äã‡∏™‡∏ß‡∏¢‚Äã ‡∏°‡∏µ‡∏Ñ‡∏ô‡∏°‡∏≤‡∏ß‡∏¥‡πà‡∏á‡∏≠‡∏≠‡∏Å‡∏Å‡∏≥‡∏•‡∏±‡∏á‡∏Å‡∏±‡∏ô‡πÄ‡∏¢‡∏≠‡∏∞‚Äã ‡∏û‡∏∑‡πâ‡∏ô‡∏ó‡∏µ‡πà‡∏£‡∏≠‡∏ö‡πÜ‡∏£‡∏π‡∏õ‡∏õ‡∏±‡πâ‡∏ô‡∏™‡∏¥‡∏á‡∏´‡πå‡∏ô‡∏±‡∏Å‡∏ó‡πà‡∏≠‡∏á‡πÄ‡∏ó‡∏µ‡πà‡∏¢‡∏ß‚Äã‡∏°‡∏≤‡∏ñ‡πà‡∏≤‡∏¢‡∏£‡∏π‡∏õ‡∏Å‡∏±‡∏ô‡πÄ‡∏¢‡∏≠‡∏∞‚Äã ‡∏û‡∏∑‡πâ‡∏ô‡∏ó‡∏µ‡πà‡∏à‡∏≠‡∏î‡∏£‡∏ñ‡∏≠‡∏¢‡∏π‡πà‡∏ó‡∏≤‡∏á‡πÇ‡∏ã‡∏ô‡∏£‡πâ‡∏≤‡∏ô‡∏≠‡∏≤‡∏´‡∏≤‡∏£‚Äã ‡πÄ‡∏î‡∏¥‡∏ô‡∏°‡∏≤‡πÑ‡∏°‡πà‡πÑ‡∏Å‡∏•‡∏ô‡∏±‡∏Å"
58,,"‡∏õ‡∏£‡∏≤‡∏™‡∏≤‡∏ó‡∏´‡∏¥‡∏ô‡∏û‡∏ô‡∏°‡∏£‡∏∏‡πâ‡∏á ‡πÄ‡∏õ‡πá‡∏ô‡∏™‡∏ñ‡∏≤‡∏ô‡∏ó‡∏µ‡πà‡∏™‡∏≥‡∏Ñ‡∏±‡∏ç‡∏Ç‡∏≠‡∏á‡∏®‡∏≤‡∏™‡∏ô‡∏≤‡∏Æ‡∏¥‡∏ô‡∏î‡∏π ‡∏ï‡∏±‡πâ‡∏á‡∏≠‡∏¢‡∏π‡πà‡∏ö‡∏ô‡∏¢‡∏≠‡∏î‡πÄ‡∏Ç‡∏≤‡∏û‡∏ô‡∏°‡∏£‡∏∏‡πâ‡∏á‡∏ã‡∏∂‡πà‡∏á‡πÄ‡∏õ‡πá‡∏ô‡∏†‡∏π‡πÄ‡∏Ç‡∏≤‡πÑ‡∏ü‡∏ó‡∏µ‡πà‡∏î‡∏±‡∏ö‡∏™‡∏ô‡∏¥‡∏ó‡πÅ‡∏•‡πâ‡∏ß ‡∏™‡∏¥‡πà‡∏á‡∏ó‡∏µ‡πà‡∏°‡∏µ‡∏ä‡∏∑‡πà‡∏≠‡πÄ‡∏™‡∏µ‡∏¢‡∏á‡∏Ñ‡∏∑‡∏≠‡∏†‡∏≤‡∏û‡∏™‡∏•‡∏±‡∏Å‡∏ó‡∏±‡∏ö‡∏´‡∏•‡∏±‡∏á‡∏ô‡∏≤‡∏£‡∏≤‡∏¢‡∏ì‡πå‡∏ö‡∏£‡∏£‡∏ó‡∏°‡∏™‡∏¥‡∏ô‡∏ò‡∏∏‡πå ‡∏î‡πâ‡∏≤‡∏ô‡∏ó‡∏¥‡∏®‡∏ï‡∏∞‡∏ß‡∏±‡∏ô‡∏≠‡∏≠‡∏Å‡∏Ç‡∏≠‡∏á‡∏õ‡∏£‡∏≤‡∏á‡∏Ñ‡πå‡∏õ‡∏£‡∏∞‡∏ò‡∏≤‡∏ô

‡∏ñ‡πâ‡∏≤‡πÄ‡∏Ç‡πâ‡∏≤‡∏à‡∏≤‡∏Å‡∏î‡πâ‡∏≤‡∏ô‡∏´‡∏ô‡πâ‡∏≤‡∏à‡∏∞‡∏™‡∏±‡∏°‡∏ú‡∏±‡∏™‡∏ö‡∏£‡∏£‡∏¢‡∏≤‡∏Å‡∏≤‡∏®‡∏£‡πâ‡∏≤‡∏ô‡∏Ç‡∏≤‡∏¢‡∏Ç‡∏≠‡∏á‡∏ó‡∏µ‡πà‡∏£‡∏∞‡∏•‡∏∂‡∏Å ‡πÅ‡∏•‡∏∞‡∏ó‡∏≤‡∏á‡πÄ‡∏î‡∏¥‡∏ô‡∏Ç‡∏∂‡πâ‡∏ô‡πÄ‡∏Ç‡∏≤ ‡∏ï‡πâ‡∏≠‡∏á‡πÉ‡∏ä‡πâ‡πÄ‡∏ß‡∏•‡∏≤‡πÄ‡∏î‡∏¥‡∏ô‡∏õ‡∏£‡∏∞‡∏°‡∏≤‡∏ì 20 ‡∏ô‡∏≤‡∏ó‡∏µ‡πÄ‡∏•‡∏¢ (‡∏Ç‡∏≤‡πÄ‡∏î‡∏µ‡∏¢‡∏ß) ‡πÅ‡∏ï‡πà‡∏Å‡πá‡∏™‡∏≤‡∏°‡∏≤‡∏£‡∏ñ‡∏Ç‡∏±‡∏ö‡∏£‡∏ñ‡∏Ç‡∏∂‡πâ‡∏ô‡πÄ‡∏Ç‡∏≤‡πÑ‡∏õ‡∏î‡πâ‡∏≤‡∏ô‡∏´‡∏•‡∏±‡∏á‡πÑ‡∏î‡πâ‡∏î‡πâ‡∏ß‡∏¢ ‡πÅ‡∏ï‡πà‡πÇ‡∏î‡∏¢‡∏£‡∏ß‡∏°‡∏Å‡πá‡∏Ñ‡∏ß‡∏£‡πÄ‡∏ú‡∏∑‡πà‡∏≠‡πÄ‡∏ß‡∏•‡∏≤‡πÄ‡∏¢‡∏µ‡πà‡∏¢‡∏°‡∏ä‡∏°‡∏≠‡∏¢‡πà‡∏≤‡∏á‡∏ô‡πâ‡∏≠‡∏¢ 1 ‡∏ä‡∏±‡πà‡∏ß‡πÇ‡∏°‡∏á 

‡∏Ñ‡πà‡∏≤‡πÄ‡∏Ç‡πâ‡∏≤‡∏Ñ‡∏ô‡∏•‡∏∞ 20 ‡∏ö‡∏≤‡∏ó ‡πÅ‡∏ï‡πà‡∏ñ‡πâ‡∏≤‡∏ã‡∏∑‡πâ‡∏≠‡∏ï‡∏±‡πã‡∏ß‡∏Ñ‡∏ß‡∏ö‡∏à‡∏≤‡∏Å‡∏õ‡∏£‡∏≤‡∏™‡∏≤‡∏ó‡πÄ‡∏°‡∏∑‡∏≠‡∏á‡∏ï‡πà‡∏≥‡∏à‡∏∞‡πÑ‡∏î‡πâ‡∏£‡∏≤‡∏Ñ‡∏≤‡∏™‡∏≠‡∏á‡∏ó‡∏µ‡πà 30 ‡∏ö‡∏≤‡∏óüòó"
59,,‡πÑ‡∏£‡πà‡∏ó‡∏≤‡∏ô‡∏ï‡∏∞‡∏ß‡∏±‡∏ô‡∏Å‡∏ß‡πâ‡∏≤‡∏á‡πÉ‡∏´‡∏ç‡πà    ‡∏°‡∏µ‡∏°‡∏∏‡∏°‡πÉ‡∏´‡πâ‡∏ñ‡πà‡∏≤‡∏¢‡∏£‡∏π‡∏õ‡πÑ‡∏î‡πâ‡πÄ‡∏¢‡∏≠‡∏∞‡∏≠‡∏¢‡∏π‡πà  ‡∏°‡∏µ‡∏û‡∏£‡∏≠‡∏û‡∏ñ‡πà‡∏≤‡∏¢‡∏£‡∏π‡∏õ‡∏Ç‡∏≤‡∏¢‡∏î‡πâ‡∏ß‡∏¢‡∏ó‡∏±‡πâ‡∏á‡∏´‡∏°‡∏ß‡∏Å ‡πÅ‡∏ß‡πà‡∏ô ‡∏ó‡∏µ‡πà‡∏Ñ‡∏≤‡∏î‡∏ú‡∏° ‡∏Ø‡∏•‡∏Ø ‡∏Å‡πà‡∏≠‡∏ô‡∏°‡∏≤‡∏Ñ‡∏ß‡∏£‡πÇ‡∏ó‡∏£‡∏°‡∏≤‡∏™‡∏≠‡∏ö‡∏ñ‡∏≤‡∏°‡∏Å‡πà‡∏≠‡∏ô‡∏ß‡πà‡∏≤‡∏î‡∏≠‡∏Å‡πÑ‡∏°‡πâ‡∏ö‡∏≤‡∏ô‡∏≠‡∏¢‡∏π‡πà‡∏´‡∏£‡∏∑‡∏≠‡πÑ‡∏°‡πà  ‡πÉ‡∏ô‡∏™‡πà‡∏ß‡∏ô‡∏ó‡∏µ‡πà‡∏ï‡πâ‡∏≠‡∏á‡∏õ‡∏£‡∏±‡∏ö‡∏õ‡∏£‡∏∏‡∏á‡∏à‡∏£‡∏¥‡∏á‡∏à‡∏±‡∏á‡∏Ñ‡∏∑‡∏≠ ‡∏ó‡∏µ‡πà‡∏à‡∏≠‡∏î‡∏£‡∏ñ‡∏Ñ‡πà‡∏∞  ‡πÄ‡∏ô‡∏∑‡πà‡∏≠‡∏á‡∏à‡∏≤‡∏Å‡πÑ‡∏£‡πà‡πÄ‡∏Ç‡πâ‡∏≤‡∏à‡∏≤‡∏Å‡∏ñ‡∏ô‡∏ô‡πÑ‡∏õ‡∏•‡∏∂‡∏Å‡πÅ‡∏•‡πâ‡∏ß  ‡∏•‡∏≤‡∏ô‡∏à‡∏≠‡∏î‡∏î‡πâ‡∏≤‡∏ô‡∏•‡πà‡∏≤‡∏á‡∏¢‡∏±‡∏á‡∏•‡∏∂‡∏Å‡∏Å‡∏ß‡πà‡∏≤ ‡∏°‡∏µ‡πÅ‡∏Ñ‡πà‡∏™‡∏≠‡∏á‡πÄ‡∏•‡∏ô‡∏™‡∏ß‡∏ô‡∏Å‡∏±‡∏ô  ‡∏û‡∏∑‡πâ‡∏ô‡πÄ‡∏õ‡πá‡∏ô‡∏î‡∏¥‡∏ô‡πÄ‡∏´‡∏ô‡∏µ‡∏¢‡∏ß‡∏ó‡∏≥‡πÉ‡∏´‡πâ‡∏Å‡∏≤‡∏£‡∏™‡∏±‡∏ç‡∏à‡∏£‡∏•‡∏≥‡∏ö‡∏≤‡∏Å ‡∏¢‡∏¥‡πà‡∏á‡∏ñ‡πâ‡∏≤‡∏ù‡∏ô‡∏ï‡∏Å‡∏ñ‡∏ô‡∏ô‡∏•‡∏∑‡πà‡∏ô‡∏°‡∏≤‡∏Å  ‡∏ñ‡πâ‡∏≤‡∏™‡∏≤‡∏°‡∏≤‡∏£‡∏ñ‡∏Ç‡∏¢‡∏≤‡∏¢‡∏ñ‡∏ô‡∏ô‡πÅ‡∏•‡∏∞‡∏•‡∏≤‡∏î‡∏¢‡∏≤‡∏á‡πÄ‡∏û‡∏∑‡πà‡∏≠‡∏≠‡∏≥‡∏ô‡∏ß‡∏¢‡∏Ñ‡∏ß‡∏≤‡∏°‡∏™‡∏∞‡∏î‡∏ß‡∏Å‡πÅ‡∏Å‡πà‡∏•‡∏π‡∏Å‡∏Ñ‡πâ‡∏≤‡πÄ‡∏û‡∏¥‡πà‡∏°‡∏Ç‡∏∂‡πâ‡∏ô‡∏à‡∏∞‡∏î‡∏µ‡∏°‡∏≤‡∏Å‡∏Ñ‡πà‡∏∞
60,,"‡∏ß‡∏ô‡∏≠‡∏∏‡∏ó‡∏¢‡∏≤‡∏ô‡∏õ‡∏£‡∏≤‡∏ì‡∏ö‡∏∏‡∏£‡∏µ ‡∏à‡∏±‡∏á‡∏´‡∏ß‡∏±‡∏î‡∏õ‡∏£‡∏∞‡∏à‡∏ß‡∏ö‡∏Ñ‡∏µ‡∏£‡∏µ‡∏Ç‡∏±‡∏ô‡∏ò‡πå 
‡∏≠‡∏¢‡∏π‡πà‡∏£‡∏∞‡∏´‡∏ß‡πà‡∏≤‡∏á‡∏´‡∏±‡∏ß‡∏´‡∏¥‡∏ô‡πÅ‡∏•‡∏∞‡∏ï‡∏±‡∏ß‡πÄ‡∏°‡∏∑‡∏≠‡∏á‡∏õ‡∏£‡∏∞‡∏à‡∏ß‡∏ö ‡∏™‡∏≤‡∏°‡∏≤‡∏£‡∏ñ‡πÅ‡∏ß‡∏∞‡πÄ‡∏ó‡∏µ‡πà‡∏¢‡∏ß‡∏ó‡∏µ‡πà‡∏ô‡∏µ‡πà‡πÄ‡∏û‡∏µ‡∏¢‡∏á‡∏Ñ‡∏£‡∏∂‡πà‡∏á‡∏ß‡∏±‡∏ô‡πÑ‡∏î‡πâ ‡πÅ‡∏•‡πâ‡∏ß‡πÑ‡∏õ‡πÄ‡∏ó‡∏µ‡πà‡∏¢‡∏ß‡∏ï‡πà‡∏≠‡∏ó‡∏µ‡πà‡∏≠‡∏∑‡πà‡∏ô‡πÜ 
‡∏ó‡∏µ‡πà‡∏ô‡∏µ‡πà‡∏à‡∏∞‡∏°‡∏µ‡πÄ‡∏™‡πâ‡∏ô‡∏ó‡∏≤‡∏á‡∏®‡∏∂‡∏Å‡∏©‡∏≤‡∏ò‡∏£‡∏£‡∏°‡∏ä‡∏≤‡∏ï‡∏¥‡∏õ‡πà‡∏≤‡∏ä‡∏≤‡∏¢‡πÄ‡∏•‡∏ô ‡∏£‡∏∞‡∏¢‡∏∞‡∏ó‡∏≤‡∏á‡∏õ‡∏£‡∏∞‡∏°‡∏≤‡∏ì 1 ‡∏Å‡∏¥‡πÇ‡∏•‡πÄ‡∏°‡∏ï‡∏£ ‡∏¢‡∏∏‡∏á‡∏Ñ‡πà‡∏≠‡∏ô‡∏Ç‡πâ‡∏≤‡∏á‡πÄ‡∏¢‡∏≠‡∏∞‡πÄ‡∏•‡∏¢ ‡∏â‡∏µ‡∏î‡∏¢‡∏≤‡∏Å‡∏±‡∏ô‡∏¢‡∏∏‡∏á‡∏°‡∏≤‡∏Å‡πà‡∏≠‡∏ô‡∏Å‡πá‡∏î‡∏µ
‡∏†‡∏≤‡∏¢‡πÉ‡∏ô‡∏õ‡πà‡∏≤‡πÇ‡∏Å‡∏á‡∏Å‡∏≤‡∏á‡∏™‡∏ß‡∏¢‡∏á‡∏≤‡∏° ‡∏ï‡πâ‡∏ô‡πÇ‡∏Å‡∏á‡∏Å‡∏≤‡∏á‡πÅ‡∏ú‡πà‡∏£‡∏≤‡∏Å‡∏¢‡∏¥‡πà‡∏á‡πÉ‡∏´‡∏ç‡πà‡∏°‡∏≤‡∏Å ‡πÅ‡∏õ‡∏•‡∏Å‡∏ï‡∏≤‡∏î‡∏µ ‡πÄ‡∏õ‡πá‡∏ô‡∏ò‡∏£‡∏£‡∏°‡∏ä‡∏≤‡∏ï‡∏¥‡∏ó‡∏µ‡πà‡πÑ‡∏°‡πà‡πÑ‡∏î‡πâ‡∏û‡∏ö‡πÄ‡∏´‡πá‡∏ô‡∏ó‡∏±‡πà‡∏ß‡πÑ‡∏õ 
‡πÄ‡∏î‡∏¥‡∏ô‡∏•‡∏∂‡∏Å‡πÄ‡∏Ç‡πâ‡∏≤‡πÑ‡∏õ‡∏≠‡∏µ‡∏Å‡∏à‡∏∞‡∏°‡∏µ‡∏´‡∏≠‡∏Ñ‡∏≠‡∏¢‡πÑ‡∏°‡πâ‡πÉ‡∏´‡πâ‡∏Ç‡∏∂‡πâ‡∏ô‡πÑ‡∏õ‡∏î‡∏π‡∏ß‡∏¥‡∏ß‡πÑ‡∏î‡πâ ‡πÄ‡∏´‡πá‡∏ô‡∏†‡∏≤‡∏û‡πÅ‡∏ö‡∏ö 360 ‡∏≠‡∏á‡∏®‡∏≤‡πÄ‡∏•‡∏¢ ‡∏™‡∏ß‡∏¢‡∏á‡∏≤‡∏°‡πÄ‡∏Ç‡∏µ‡∏¢‡∏ß‡πÑ‡∏õ‡∏ó‡∏±‡πà‡∏ß ‡∏°‡∏µ‡∏°‡∏∏‡∏°‡∏ñ‡πà‡∏≤‡∏¢‡∏£‡∏π‡∏õ‡πÄ‡∏¢‡∏≠‡∏∞ ‡πÑ‡∏î‡πâ‡∏£‡∏π‡∏õ‡∏Å‡∏•‡∏±‡∏ö‡πÑ‡∏õ‡πÅ‡∏ô‡πà‡∏ô‡∏≠‡∏ô

‡∏†‡∏≤‡∏¢‡πÉ‡∏ô‡∏≠‡∏∏‡∏ó‡∏¢‡∏≤‡∏ô‡∏°‡∏µ‡∏£‡πâ‡∏≤‡∏ô‡∏Ñ‡πâ‡∏≤ ‡πÅ‡∏•‡∏∞‡∏°‡∏µ‡∏´‡πâ‡∏≠‡∏á‡∏ô‡πâ‡∏≥‡πÉ‡∏´‡πâ‡∏ö‡∏£‡∏¥‡∏Å‡∏≤‡∏£‡∏ü‡∏£‡∏µ ‡∏™‡∏∞‡∏î‡∏ß‡∏Å‡∏°‡∏≤‡∏Å ‡∏£‡∏ß‡∏°‡∏ñ‡∏∂‡∏á‡∏°‡∏µ‡∏®‡∏≤‡∏•‡∏≤‡πÉ‡∏´‡πâ‡∏ô‡∏±‡πà‡∏á‡∏û‡∏±‡∏Å‡∏ú‡πà‡∏≠‡∏ô‡∏´‡∏¢‡πà‡∏≠‡∏ô‡πÉ‡∏à‡∏î‡πâ‡∏ß‡∏¢

#WongnaiHNY2023"
61,,"üì£ ‡∏™‡∏ß‡∏ô‡πÅ‡∏°‡πà‡∏ü‡πâ‡∏≤‡∏´‡∏•‡∏ß‡∏á
üå∏ ‡∏™‡∏ß‡∏ô‡∏î‡∏≠‡∏Å‡πÑ‡∏°‡πâ‡πÄ‡∏°‡∏∑‡∏≠‡∏á‡∏´‡∏ô‡∏≤‡∏ß ‡∏™‡∏ß‡∏¢‡πÜ
‚õ∞Ô∏è ‡∏Ñ‡∏ß‡∏≤‡∏°‡∏á‡∏î‡∏á‡∏≤‡∏°‡∏ö‡∏ô‡∏î‡∏≠‡∏¢‡∏ï‡∏∏‡∏á

üåä ‡∏™‡∏ß‡∏ô‡πÅ‡∏°‡πà‡∏ü‡πâ‡∏≤‡∏´‡∏•‡∏ß‡∏á ‡πÄ‡∏õ‡πá‡∏ô‡∏™‡πà‡∏ß‡∏ô‡∏´‡∏ô‡∏∂‡πà‡∏á‡∏Ç‡∏≠‡∏á‡πÇ‡∏Ñ‡∏£‡∏á‡∏Å‡∏≤‡∏£‡∏û‡∏±‡∏í‡∏ô‡∏≤‡∏î‡∏≠‡∏¢‡∏ï‡∏∏‡∏á (‡∏û‡∏∑‡πâ‡∏ô‡∏ó‡∏µ‡πà‡∏ó‡∏£‡∏á‡∏á‡∏≤‡∏ô) ‡∏õ‡∏£‡∏∞‡∏Å‡∏≠‡∏ö‡πÑ‡∏õ‡∏î‡πâ‡∏ß‡∏¢‡∏™‡∏ô‡∏≤‡∏°‡∏´‡∏ç‡πâ‡∏≤‡πÅ‡∏•‡∏∞‡∏™‡∏ß‡∏ô‡∏î‡∏≠‡∏Å‡πÑ‡∏°‡πâ ‡πÑ‡∏°‡πâ‡∏õ‡∏£‡∏∞‡∏î‡∏±‡∏ö‡∏•‡∏î‡∏´‡∏•‡∏±‡πà‡∏ô‡πÑ‡∏õ‡∏ï‡∏≤‡∏°‡πÑ‡∏´‡∏•‡πà‡πÄ‡∏Ç‡∏≤ ‡∏ö‡∏ô‡∏û‡∏∑‡πâ‡∏ô‡∏ó‡∏µ‡πà‡∏£‡∏≤‡∏ß 30 ‡πÑ‡∏£‡πà ‡∏´‡∏ô‡πâ‡∏≤‡∏û‡∏£‡∏∞‡∏ï‡∏≥‡∏´‡∏ô‡∏±‡∏Å‡∏î‡∏≠‡∏¢‡∏ï‡∏∏‡∏á

üå¥ ‡∏™‡∏ß‡∏ô‡πÅ‡∏°‡πà‡∏ü‡πâ‡∏≤‡∏´‡∏•‡∏ß‡∏á ‡πÄ‡∏õ‡πá‡∏ô‡∏™‡πà‡∏ß‡∏ô‡∏´‡∏ô‡∏∂‡πà‡∏á‡∏Ç‡∏≠‡∏á‡πÇ‡∏Ñ‡∏£‡∏á‡∏Å‡∏≤‡∏£‡∏û‡∏±‡∏í‡∏ô‡∏≤‡∏î‡∏≠‡∏¢‡∏ï‡∏∏‡∏á (‡∏û‡∏∑‡πâ‡∏ô‡∏ó‡∏µ‡πà‡∏ó‡∏£‡∏á‡∏á‡∏≤‡∏ô) ‡∏õ‡∏£‡∏∞‡∏Å‡∏≠‡∏ö‡πÑ‡∏õ‡∏î‡πâ‡∏ß‡∏¢‡∏™‡∏ô‡∏≤‡∏°‡∏´‡∏ç‡πâ‡∏≤‡πÅ‡∏•‡∏∞‡∏™‡∏ß‡∏ô‡∏î‡∏≠‡∏Å‡πÑ‡∏°‡πâ ‡πÑ‡∏°‡πâ‡∏õ‡∏£‡∏∞‡∏î‡∏±‡∏ö‡∏•‡∏î‡∏´‡∏•‡∏±‡πà‡∏ô‡πÑ‡∏õ‡∏ï‡∏≤‡∏°‡πÑ‡∏´‡∏•‡πà‡πÄ‡∏Ç‡∏≤ ‡∏ö‡∏ô‡∏û‡∏∑‡πâ‡∏ô‡∏ó‡∏µ‡πà‡∏£‡∏≤‡∏ß 30 ‡πÑ‡∏£‡πà ‡∏´‡∏ô‡πâ‡∏≤‡∏û‡∏£‡∏∞‡∏ï‡∏≥‡∏´‡∏ô‡∏±‡∏Å‡∏î‡∏≠‡∏¢‡∏ï‡∏∏‡∏á

üí´ ‡∏™‡∏≥‡∏´‡∏£‡∏±‡∏ö‡∏Å‡∏≤‡∏£‡πÄ‡∏Ç‡πâ‡∏≤‡πÑ‡∏õ‡∏ó‡πà‡∏≠‡∏á‡πÄ‡∏ó‡∏µ‡πà‡∏¢‡∏ß‡πÉ‡∏ô‡∏û‡∏∑‡πâ‡∏ô‡∏ó‡∏µ‡πà‡∏ï‡πâ‡∏≠‡∏á‡∏°‡∏µ‡∏Å‡∏≤‡∏£‡∏ã‡∏∑‡πâ‡∏≠‡∏ö‡∏±‡∏ï‡∏£‡πÄ‡∏Ç‡πâ‡∏≤‡∏Å‡πà‡∏≠‡∏ô ‡∏™‡∏≤‡∏°‡∏≤‡∏£‡∏ñ‡πÄ‡∏•‡∏∑‡∏≠‡∏Å‡πÄ‡∏Ç‡πâ‡∏≤‡∏ö‡∏≤‡∏á‡∏™‡∏ñ‡∏≤‡∏ô‡∏ó‡∏µ‡πà ‡∏´‡∏£‡∏∑‡∏≠‡πÄ‡∏•‡∏∑‡∏≠‡∏Å‡πÄ‡∏õ‡πá‡∏ô‡∏ö‡∏±‡∏ï‡∏£‡πÅ‡∏û‡πá‡∏Ñ‡πÄ‡∏Å‡∏à‡∏£‡∏ß‡∏°‡πÑ‡∏î‡πâ

üëâ ‡∏î‡πâ‡∏≤‡∏ô‡πÉ‡∏ô‡∏à‡∏∞‡πÄ‡∏õ‡πá‡∏ô‡∏™‡∏ß‡∏ô‡∏î‡∏≠‡∏Å‡πÑ‡∏°‡πâ‡∏™‡∏ß‡∏¢‡πÜ ‡∏™‡∏≤‡∏°‡∏≤‡∏£‡∏ñ‡πÄ‡∏î‡∏¥‡∏ô‡πÄ‡∏•‡πà‡∏ô‡∏ä‡∏°‡∏Ñ‡∏ß‡∏≤‡∏°‡∏á‡∏≤‡∏° ‡∏ä‡∏°‡∏ò‡∏£‡∏£‡∏°‡∏ä‡∏≤‡∏ï‡∏¥‡πÑ‡∏î‡πâ ‡∏´‡∏£‡∏∑‡∏≠‡∏à‡∏∞‡∏™‡∏≤‡∏¢‡∏ñ‡πà‡∏≤‡∏¢‡∏£‡∏π‡∏õ‡∏Å‡πá‡∏°‡∏µ‡∏°‡∏∏‡∏°‡πÉ‡∏´‡πâ‡∏ñ‡πà‡∏≤‡∏¢‡∏´‡∏•‡∏≤‡∏Å‡∏´‡∏•‡∏≤‡∏¢ ‡πÄ‡∏î‡∏¥‡∏ô‡πÄ‡∏´‡∏ô‡∏∑‡πà‡∏≠‡∏¢‡πÜ ‡∏™‡∏≤‡∏°‡∏≤‡∏£‡∏ñ‡πÅ‡∏ß‡∏∞‡∏ó‡∏≤‡∏ô‡∏Å‡∏≤‡πÅ‡∏ü‡∏î‡∏≠‡∏¢‡∏ï‡∏∏‡∏á‡∏î‡πâ‡∏≤‡∏ô‡πÉ‡∏ô‡πÑ‡∏î‡πâ‡πÄ‡∏ä‡πà‡∏ô‡∏Å‡∏±‡∏ô

#EatOutGoRound‡∏•‡∏∏‡∏¢‡∏Å‡∏¥‡∏ô‡∏ü‡∏¥‡∏ô‡πÄ‡∏ó‡∏µ‡πà‡∏¢‡∏ß"
62,,"üìç ‡πÑ‡∏£‡πà‡∏ä‡∏≤‡∏•‡∏∏‡∏á‡πÄ‡∏î‡∏ä ‡πÄ‡∏ä‡∏µ‡∏¢‡∏á‡πÉ‡∏´‡∏°‡πàüçµ
‡∏ä‡∏≤‡πÄ‡∏Ç‡∏µ‡∏¢‡∏ß‡∏°‡∏±‡∏ó‡∏â‡∏∞‡∏≠‡∏£‡πà‡∏≠‡∏¢‡∏°‡∏≤‡∏Å‡∏Å‡∏Å‡∏Å‡∏Å

‡πÉ‡∏ä‡πâ‡πÄ‡∏ß‡∏•‡∏≤‡∏Ç‡∏±‡∏ö‡∏£‡∏ñ‡∏à‡∏≤‡∏Å‡∏ï‡∏±‡∏ß‡πÄ‡∏°‡∏∑‡∏≠‡∏á‡πÄ‡∏ä‡∏µ‡∏¢‡∏á‡πÉ‡∏´‡∏°‡πà‡∏°‡∏≤‡πÑ‡∏£‡πà‡∏ä‡∏≤‡∏õ‡∏£‡∏∞‡∏°‡∏≤‡∏ì 1‡∏ä‡∏±‡πà‡∏ß‡πÇ‡∏°‡∏á‡∏Ñ‡∏£‡∏µ‡πà‡∏á ‡πÑ‡∏°‡πà‡πÅ‡∏ô‡∏∞‡∏ô‡∏≥‡πÉ‡∏´‡πâ‡∏™‡∏≤‡∏ß‡πÜ ‡∏Ç‡∏±‡∏ö‡∏£‡∏ñ‡∏°‡∏≤‡πÄ‡∏≠‡∏á ‡πÅ‡∏≠‡∏ö‡πÄ‡∏õ‡∏•‡∏µ‡πà‡∏¢‡∏ß ‡πÑ‡∏£‡πà‡∏ä‡∏≤‡∏Ñ‡πà‡∏≠‡∏ô‡∏Ç‡πâ‡∏≤‡∏á‡∏•‡∏∂‡∏Å ‡∏ó‡∏≤‡∏á‡πÅ‡∏Ñ‡∏ö‡πÅ‡∏•‡∏∞‡∏ä‡∏±‡∏ô ‡πÅ‡∏•‡∏∞‡∏ù‡∏ô‡∏ï‡∏Å ‡πÉ‡∏Ñ‡∏£‡∏Ç‡∏±‡∏ö‡∏£‡∏ñ‡πÑ‡∏°‡πà‡πÅ‡∏Ç‡πá‡∏á‡πÑ‡∏°‡πà‡πÅ‡∏ô‡∏∞‡∏ô‡∏≥‡∏à‡πâ‡∏≤

‡πÅ‡∏ï‡πà‡∏û‡∏≠‡∏°‡∏≤‡∏ñ‡∏∂‡∏á‡πÅ‡∏•‡πâ‡∏ß‡∏Å‡πá‡∏Ñ‡∏∏‡πâ‡∏°‡∏°‡∏≤‡∏Å‡πÜ‡πÜ‡πÜ‡πÜ
‡∏≠‡∏≤‡∏´‡∏≤‡∏£‡∏≠‡∏£‡πà‡∏≠‡∏¢ ‡∏ß‡∏¥‡∏ß‡∏™‡∏ß‡∏¢ ‡πÑ‡∏î‡πâ‡∏£‡∏π‡∏õ‡∏≠‡∏µ‡∏Å‡∏û‡∏±‡∏ô‡∏£‡∏π‡∏õ

‡πÄ‡∏°‡∏ô‡∏π‡∏à‡∏∞‡πÅ‡∏¢‡∏Å‡πÄ‡∏õ‡πá‡∏ô 2 ‡πÉ‡∏ö‡∏Ñ‡∏∑‡∏≠ ‡πÉ‡∏ö‡∏Ç‡∏ô‡∏°‡∏´‡∏ß‡∏≤‡∏ô ‡∏Å‡∏±‡∏ö‡∏Ç‡∏≠‡∏á‡∏Ñ‡∏≤‡∏ß
‡πÄ‡∏£‡∏≤‡∏™‡∏±‡πà‡∏á‡πÄ‡∏õ‡πá‡∏ô
#‡∏ä‡∏≤‡πÄ‡∏Ç‡∏µ‡∏¢‡∏ß‡∏•‡∏≤‡πÄ‡∏ï‡πâ ‡∏≠‡∏£‡πà‡∏≠‡∏¢‡∏°‡∏≤‡∏Å‡πÜ ‡∏£‡∏™‡∏ä‡∏≤‡∏ï‡∏¥‡∏Å‡∏•‡∏°‡∏Å‡∏•‡πà‡∏≠‡∏° ‡πÑ‡∏°‡πà‡∏´‡∏ß‡∏≤‡∏ô‡πÄ‡∏Å‡∏¥‡∏ô‡πÑ‡∏õ
#‡πÄ‡∏Ñ‡πâ‡∏Å‡∏ä‡∏≤‡πÄ‡∏Ç‡∏µ‡∏¢‡∏ß ‡∏≠‡∏±‡∏ô‡∏ô‡∏µ‡πâ‡πÄ‡∏£‡∏≤‡πÄ‡∏â‡∏¢‡πÜ ‡πÅ‡∏ï‡πà‡πÄ‡∏û‡∏∑‡πà‡∏≠‡∏ô‡πÄ‡∏£‡∏≤‡∏ä‡∏≠‡∏ö‡∏Ñ‡∏£‡∏µ‡∏°‡∏°‡∏≤‡∏Å‡πÜ
#‡πÑ‡∏Ç‡πà‡πÄ‡∏à‡∏µ‡∏¢‡∏ß‡∏¢‡∏≠‡∏î‡∏ä‡∏≤ 69.- ‡∏ä‡∏≠‡∏ö‡∏à‡∏≤‡∏ô‡∏ô‡∏µ‡πâ‡∏ó‡∏µ‡πà‡∏™‡∏π‡∏î‡∏î‡∏î
#‡πÑ‡∏Å‡πà‡∏ó‡∏≠‡∏î‡∏ô‡πâ‡∏≥‡∏õ‡∏•‡∏≤ 89.- ‡∏≠‡∏°‡∏ô‡πà‡∏≥‡∏°‡∏±‡∏ô‡∏ô‡∏¥‡∏î‡∏´‡∏ô‡πà‡∏≠‡∏¢ ‡∏Å‡∏£‡∏≠‡∏öüòã
#‡∏¢‡∏≥‡πÉ‡∏ö‡∏ä‡∏≤‡∏ó‡∏π‡∏ô‡πà‡∏≤ 139.-‡πÉ‡∏ö‡∏ä‡∏≤‡πÄ‡∏õ‡πá‡∏ô‡πÉ‡∏ö‡∏ä‡∏≤ ‡∏£‡∏™‡∏ä‡∏≤‡∏ï‡∏¥‡πÅ‡∏õ‡∏•‡∏Å‡πÉ‡∏´‡∏°‡πà‡∏°‡∏≤‡∏Å
#‡∏Ç‡πâ‡∏≤‡∏ß‡∏ú‡∏±‡∏î‡∏´‡∏°‡∏π 49.- 

‡πÉ‡∏Ñ‡∏£‡∏°‡∏≤‡πÄ‡∏ä‡∏µ‡∏¢‡∏á‡πÉ‡∏´‡∏°‡πà‡πÅ‡∏•‡πâ‡∏ß‡∏°‡∏µ‡πÄ‡∏ß‡∏•‡∏≤‡πÄ‡∏´‡∏•‡∏∑‡∏≠ ‡πÄ‡∏£‡∏≤‡∏Ç‡∏≠‡πÅ‡∏ô‡∏∞‡∏ô‡∏≥‡∏ó‡∏µ‡πà‡∏ô‡∏µ‡πà‡πÄ‡∏•‡∏¢
‡∏°‡∏µ‡∏ï‡∏£‡∏∞‡∏Å‡∏£‡πâ‡∏≤‡πÉ‡∏´‡πâ‡∏¢‡∏∑‡∏°‡∏ñ‡πà‡∏≤‡∏¢‡∏£‡∏π‡∏õ‡πÑ‡∏î‡πâ‡∏à‡πâ‡∏≤

#‡∏à‡∏µ‡∏ô‡∏û‡∏≤‡∏Å‡∏¥‡∏ôüòã #‡∏Ñ‡∏≤‡πÄ‡∏ü‡πà‡πÄ‡∏ä‡∏µ‡∏¢‡∏á‡πÉ‡∏´‡∏°‡πà #‡πÑ‡∏£‡πà‡∏ä‡∏≤‡∏•‡∏∏‡∏á‡πÄ‡∏î‡∏ä"
63,,"‡∏°‡∏≤‡∏û‡∏±‡∏ó‡∏¢‡∏≤ ‡∏ô‡∏≠‡∏Å‡∏à‡∏≤‡∏Å‡∏≠‡∏≤‡∏´‡∏≤‡∏£‡∏ó‡∏∞‡πÄ‡∏•‡πÅ‡∏•‡∏∞‡∏£‡πâ‡∏≤‡∏ô‡∏Ñ‡∏≤‡πÄ‡∏ü‡πà‡∏£‡∏¥‡∏°‡∏ó‡∏∞‡πÄ‡∏•‡πÅ‡∏•‡πâ‡∏ß
‡∏¢‡∏±‡∏á‡∏°‡∏µ‡∏£‡πâ‡∏≤‡∏ô‡∏≠‡∏≤‡∏´‡∏≤‡∏£‡∏ü‡∏¥‡∏ß‡∏ä‡∏±‡πà‡∏ô ‡∏ö‡∏£‡∏£‡∏¢‡∏≤‡∏Å‡∏≤‡∏®‡∏î‡∏µ‡∏î‡πâ‡∏ß‡∏¢
üçÉüå≥‚òòÔ∏èüå±

‡∏ß‡∏±‡∏ô‡∏ô‡∏µ‡πâ‡∏°‡∏≤‡∏ó‡∏≤‡∏ô‡∏£‡πâ‡∏≤‡∏ô‡∏ô‡∏µ‡πâ‡∏Å‡∏±‡∏ö‡∏Ñ‡∏£‡∏≠‡∏ö‡∏Ñ‡∏£‡∏±‡∏ß ‡∏ñ‡πà‡∏≤‡∏¢‡∏£‡∏π‡∏õ‡πÄ‡∏•‡πà‡∏ô‡πÄ‡∏¢‡∏≠‡∏∞‡πÄ‡∏•‡∏¢
‡∏°‡∏µ‡∏ó‡∏±‡πâ‡∏á‡∏™‡∏≤‡∏¢‡∏Ñ‡∏≤‡πÄ‡∏ü‡πà ‡∏≠‡∏≤‡∏´‡∏≤‡∏£‡∏ü‡∏¥‡∏ß‡∏ä‡∏±‡πà‡∏ô ‡πÄ‡∏•‡∏∑‡∏≠‡∏Å‡∏ó‡∏≤‡∏ô‡∏Å‡∏±‡∏ô‡πÑ‡∏î‡πâ‡πÄ‡∏•‡∏¢‡∏à‡∏£‡πâ‡∏≤
‡∏ß‡∏±‡∏ô‡∏ô‡∏µ‡πâ‡πÄ‡∏ô‡πâ‡∏ô‡∏ó‡∏≤‡∏ô‡∏≠‡∏≤‡∏´‡∏≤‡∏£‡∏°‡∏≤‡∏Å‡∏Å‡∏ß‡πà‡∏≤ ‡πÅ‡∏ï‡πà‡πÅ‡∏≠‡∏ö‡∏™‡∏±‡πà‡∏á‡∏ä‡∏≤‡πÄ‡∏¢‡πá‡∏ô ‡∏î‡∏µ‡∏á‡∏≤‡∏° üòä

‡∏°‡∏≤‡∏Ñ‡∏∞‡∏°‡∏≤‡∏ñ‡πà‡∏≤‡∏¢‡∏£‡∏π‡∏õ ‡∏ó‡∏≤‡∏ô‡∏≠‡∏≤‡∏´‡∏≤‡∏£‡∏ü‡∏¥‡∏ß‡∏ä‡∏±‡πà‡∏ô‡∏Å‡∏±‡∏ôüòé
‡πÅ‡∏ô‡∏∞‡∏ô‡∏≥‡∏≠‡∏µ‡∏Å‡∏£‡πâ‡∏≤‡∏ô ‡∏ô‡πà‡∏≤‡∏£‡∏±‡∏Å‡∏≠‡∏ö‡∏≠‡∏∏‡πà‡∏ô‡∏°‡∏≤‡∏Å‡πÜ‡∏Ñ‡πà‡∏∞ü•∞"
